[{"uid":"blt8ab49ec2961ce65b","content_type":"image/jpeg","file_size":"67442","tags":[],"filename":"Optimized-banner-nexttheme-min.jpeg","url":"https://images.contentstack.io/v3/assets/blt7db50cd7978895ca/blt8ab49ec2961ce65b/5fd0668d64e3cd10d2e8b846/Optimized-banner-nexttheme-min.jpeg","ACL":{},"is_dir":false,"_version":1,"title":"Optimized-banner-nexttheme-min.jpeg","publish_details":[{"environment":"bltbf6778af33222a17","locale":"en-us","time":"2020-12-09T05:54:22.287Z","user":"bltf01cfddcefa2394d","version":1}]}]