[{"uid":"blt1f41d3b24b97494f","content_type":"image/png","file_size":"64021","tags":[],"filename":"blogs.png","url":"https://images.contentstack.io/v3/assets/blt7db50cd7978895ca/blt1f41d3b24b97494f/5fd066b428ec7250b20cf4af/blogs.png","ACL":{},"is_dir":false,"parent_uid":null,"_version":1,"title":"blogs.png","publish_details":[{"environment":"bltf6c0a7a81a1aa7b8","locale":"en-us","time":"2020-12-09T05:55:00.410Z","user":"bltf01cfddcefa2394d","version":1},{"environment":"bltbf6778af33222a17","locale":"en-us","time":"2020-12-09T05:55:00.410Z","user":"bltf01cfddcefa2394d","version":1}]}]