[{"uid":"bltd41d04c389c8324c","content_type":"image/jpeg","file_size":"42053","tags":[],"filename":"sports-blog-post.jpg","url":"https://images.contentstack.io/v3/assets/blt7db50cd7978895ca/bltd41d04c389c8324c/5fd0669bc4ba3310c795986a/sports-blog-post.jpg","ACL":{},"is_dir":false,"_version":1,"title":"sports.jpg","description":"","publish_details":[{"environment":"bltf6c0a7a81a1aa7b8","locale":"en-us","time":"2020-12-09T05:54:37.199Z","user":"bltf01cfddcefa2394d","version":1},{"environment":"bltbf6778af33222a17","locale":"en-us","time":"2020-12-09T05:54:37.199Z","user":"bltf01cfddcefa2394d","version":1}]}]