[{"uid":"bltee63a54dfb31abe1","content_type":"image/png","file_size":"4004","tags":[],"filename":"logo.png","url":"https://images.contentstack.io/v3/assets/blt7db50cd7978895ca/bltee63a54dfb31abe1/5fd0669a28ec7250b20cf4ab/logo.png","ACL":{},"is_dir":false,"parent_uid":null,"_version":1,"title":"logo.png","publish_details":[{"environment":"bltf6c0a7a81a1aa7b8","locale":"en-us","time":"2020-12-09T05:54:35.049Z","user":"bltf01cfddcefa2394d","version":1},{"environment":"bltbf6778af33222a17","locale":"en-us","time":"2020-12-09T05:54:35.049Z","user":"bltf01cfddcefa2394d","version":1}]}]