{"bltf6c0a7a81a1aa7b8":{"deploy_content":false,"servers":[],"urls":[{"url":"https://sample-apps-nextjs-demo.now.sh","locale":"en-us"}],"name":"production","ACL":[],"_version":2,"created_by":"bltf01cfddcefa2394d","updated_by":"bltf01cfddcefa2394d","created_at":"2020-12-09T05:54:10.800Z","updated_at":"2020-12-09T05:54:10.800Z"},"bltbf6778af33222a17":{"deploy_content":false,"servers":[],"urls":[{"url":"https://sample-apps-nextjs-demo.now.sh","locale":"en-us"}],"name":"development","ACL":[],"_version":2,"created_by":"bltf01cfddcefa2394d","updated_by":"bltf01cfddcefa2394d","created_at":"2020-12-09T05:54:12.190Z","updated_at":"2020-12-09T05:54:12.190Z"}}