[{"uid":"blta864e3ec69406eac","content_type":"image/jpeg","file_size":"64888","tags":[],"filename":"game_carousel_4.jpg","url":"https://images.contentstack.io/v3/assets/blt7db50cd7978895ca/blta864e3ec69406eac/5fd066857f88e904f757be55/game_carousel_4.jpg","ACL":{},"is_dir":false,"_version":1,"title":"game_carousel_4.jpg","publish_details":[{"environment":"bltf6c0a7a81a1aa7b8","locale":"en-us","time":"2020-12-09T05:54:15.719Z","user":"bltf01cfddcefa2394d","version":1},{"environment":"bltbf6778af33222a17","locale":"en-us","time":"2020-12-09T05:54:15.719Z","user":"bltf01cfddcefa2394d","version":1}]}]