{"bltc57859c429560b62":{"title":"Blogs","hero_banner":[{"banner_image":{"uid":"blt8d215d33e408a66b","created_at":"2020-12-09T05:55:07.375Z","updated_at":"2020-12-09T05:55:07.375Z","created_by":"bltf01cfddcefa2394d","updated_by":"bltf01cfddcefa2394d","content_type":"image/jpeg","file_size":"80565","tags":[],"filename":"blogs_hero_banner.jpg","url":"https://images.contentstack.io/v3/assets/blt7db50cd7978895ca/blt8d215d33e408a66b/5fd066bbfcc2f8159a4fe1af/blogs_hero_banner.jpg","ACL":[],"is_dir":false,"parent_uid":null,"_version":1,"title":"blogs_hero_banner.jpeg","description":"","publish_details":[{"environment":"bltf6c0a7a81a1aa7b8","locale":"en-us","time":"2020-12-09T05:55:08.277Z","user":"bltf01cfddcefa2394d","version":1},{"environment":"bltbf6778af33222a17","locale":"en-us","time":"2020-12-09T05:55:08.277Z","user":"bltf01cfddcefa2394d","version":1}]},"_metadata":{"uid":"csabeb95433c135e9e"},"banner_description":"Some blogs you may like!!!"}],"tags":[],"locale":"en-us","ACL":{},"seo":{"meta_description":"This page contains a list of all blog post example","meta_keywords":"list, blogs","meta_title":"Blog List"},"uid":"bltc57859c429560b62","created_by":"bltf01cfddcefa2394d","updated_by":"bltf01cfddcefa2394d","created_at":"2020-12-09T05:55:47.575Z","updated_at":"2020-12-09T05:55:47.575Z","_version":1,"_in_progress":false,"publish_details":[{"environment":"bltf6c0a7a81a1aa7b8","locale":"en-us","time":"2020-12-09T05:55:47.370Z","user":"bltf01cfddcefa2394d","version":1},{"environment":"bltbf6778af33222a17","locale":"en-us","time":"2020-12-09T05:55:47.370Z","user":"bltf01cfddcefa2394d","version":1}]}}