{"blt22794596348c369e":{"title":"Footer","nav_links":{"link":[{"title":"Home","href":"/"},{"title":"About","href":"/about"},{"title":"Contact","href":"/contact"},{"title":"Blog","href":"/blog"}]},"social_share":[{"link":{"title":"Facebook","href":"#"},"_metadata":{"uid":"csa816b61fd10a3a24"},"icon_class":"fa fa-facebook"},{"link":{"title":"Twitter","href":"#"},"_metadata":{"uid":"cscf6edc24708eecfb"},"icon_class":"fa fa-twitter"},{"link":{"title":"Github","href":"#"},"_metadata":{"uid":"cse4a947d94b37d7b3"},"icon_class":"fa fa-github"},{"link":{"title":"Bitbucket","href":"#"},"_metadata":{"uid":"cs778d1ac35ec8b75f"},"icon_class":"fa fa-bitbucket"}],"copywrite":"<p>Copyright © 2020 Contentstack. All Rights Reserved.</p>","tags":[],"locale":"en-us","ACL":{},"uid":"blt22794596348c369e","created_by":"bltf01cfddcefa2394d","updated_by":"bltf01cfddcefa2394d","created_at":"2020-12-09T05:55:45.635Z","updated_at":"2020-12-10T04:52:05.872Z","_version":2,"_in_progress":false,"publish_details":[{"environment":"bltf6c0a7a81a1aa7b8","locale":"en-us","time":"2020-12-10T04:52:09.594Z","user":"bltf01cfddcefa2394d","version":2},{"environment":"bltbf6778af33222a17","locale":"en-us","time":"2020-12-10T04:52:09.595Z","user":"bltf01cfddcefa2394d","version":2},{"environment":"bltf6c0a7a81a1aa7b8","locale":"fr-fr","time":"2020-12-09T05:55:45.441Z","user":"bltf01cfddcefa2394d","version":1},{"environment":"bltbf6778af33222a17","locale":"fr-fr","time":"2020-12-09T05:55:45.441Z","user":"bltf01cfddcefa2394d","version":1}]}}