[{"uid":"blt16c9bef6caa0f21e","content_type":"image/jpeg","file_size":"16383","tags":[],"filename":"avatar_3.jpg","url":"https://images.contentstack.io/v3/assets/blt7db50cd7978895ca/blt16c9bef6caa0f21e/5fd06c7769cce544cffa4e50/avatar_3.jpg","ACL":{},"is_dir":false,"_version":1,"title":"avatar_3.jpg","publish_details":[{"environment":"bltbf6778af33222a17","locale":"en-us","time":"2020-12-09T06:23:38.649Z","user":"bltf01cfddcefa2394d","version":1},{"environment":"bltf6c0a7a81a1aa7b8","locale":"en-us","time":"2020-12-09T06:23:38.649Z","user":"bltf01cfddcefa2394d","version":1}]}]