[{"uid":"bltde5f225006d3b772","content_type":"image/jpeg","file_size":"42791","tags":[],"filename":"home_banner.jpg","url":"https://images.contentstack.io/v3/assets/blt7db50cd7978895ca/bltde5f225006d3b772/5fd066ad73616351fa996226/home_banner.jpg","ACL":{},"is_dir":false,"_version":1,"title":"home_banner.jpg","publish_details":[{"environment":"bltf6c0a7a81a1aa7b8","locale":"en-us","time":"2020-12-09T05:54:55.084Z","user":"bltf01cfddcefa2394d","version":1},{"environment":"bltbf6778af33222a17","locale":"en-us","time":"2020-12-09T05:54:55.084Z","user":"bltf01cfddcefa2394d","version":1}]}]