[{"uid":"blta62f48f73cc8945b","content_type":"image/jpeg","file_size":"70875","tags":[],"filename":"partner_network.jpg","url":"https://images.contentstack.io/v3/assets/blt7db50cd7978895ca/blta62f48f73cc8945b/5fd066ae2600d41061073174/partner_network.jpg","ACL":{},"is_dir":false,"parent_uid":null,"_version":1,"title":"partner_network.jpg","publish_details":[{"environment":"bltf6c0a7a81a1aa7b8","locale":"en-us","time":"2020-12-09T05:54:55.077Z","user":"bltf01cfddcefa2394d","version":1},{"environment":"bltbf6778af33222a17","locale":"en-us","time":"2020-12-09T05:54:55.077Z","user":"bltf01cfddcefa2394d","version":1}]}]