[{"uid":"bltcb65028a1e5df31d","content_type":"image/jpeg","file_size":"48852","tags":[],"filename":"game_carousel_2.jpg","url":"https://images.contentstack.io/v3/assets/blt7db50cd7978895ca/bltcb65028a1e5df31d/5fd066cd97f265271b47c52c/game_carousel_2.jpg","ACL":{},"is_dir":false,"parent_uid":null,"_version":1,"title":"game_carousel_2.jpg","publish_details":[{"environment":"bltf6c0a7a81a1aa7b8","locale":"en-us","time":"2020-12-09T05:55:27.200Z","user":"bltf01cfddcefa2394d","version":1},{"environment":"bltbf6778af33222a17","locale":"en-us","time":"2020-12-09T05:55:27.200Z","user":"bltf01cfddcefa2394d","version":1}]}]