[{"uid":"blt7ccfea3c00934a06","content_type":"image/jpeg","file_size":"22898","tags":[],"filename":"Avatar_6.jpg","url":"https://images.contentstack.io/v3/assets/blt7db50cd7978895ca/blt7ccfea3c00934a06/5fd06cd8e5f85744d50f2894/Avatar_6.jpg","ACL":{},"is_dir":false,"_version":1,"title":"Avatar_6.jpg","publish_details":[{"environment":"bltbf6778af33222a17","locale":"en-us","time":"2020-12-09T06:23:38.640Z","user":"bltf01cfddcefa2394d","version":1},{"environment":"bltf6c0a7a81a1aa7b8","locale":"en-us","time":"2020-12-09T06:23:38.640Z","user":"bltf01cfddcefa2394d","version":1}]}]