[{"uid":"blt9403bdc556379251","content_type":"image/jpeg","file_size":"37861","tags":[],"filename":"career.jpg","url":"https://images.contentstack.io/v3/assets/blt7db50cd7978895ca/blt9403bdc556379251/5fd066c33cac1a0b1bb73921/career.jpg","ACL":{},"is_dir":false,"_version":1,"title":"about.PNG","description":"","publish_details":[{"environment":"bltf6c0a7a81a1aa7b8","locale":"en-us","time":"2020-12-09T05:55:17.084Z","user":"bltf01cfddcefa2394d","version":1},{"environment":"bltbf6778af33222a17","locale":"en-us","time":"2020-12-09T05:55:17.084Z","user":"bltf01cfddcefa2394d","version":1}]}]