{"blt54ab6675699eac77":{"title":"Header","logo_title":"Company Logo","logo_image":{"uid":"bltee63a54dfb31abe1","created_at":"2020-12-09T05:54:34.296Z","updated_at":"2020-12-09T05:54:34.296Z","created_by":"bltf01cfddcefa2394d","updated_by":"bltf01cfddcefa2394d","content_type":"image/png","file_size":"4004","tags":[],"filename":"logo.png","url":"https://images.contentstack.io/v3/assets/blt7db50cd7978895ca/bltee63a54dfb31abe1/5fd0669a28ec7250b20cf4ab/logo.png","ACL":[],"is_dir":false,"parent_uid":null,"_version":1,"title":"logo.png","publish_details":[{"environment":"bltf6c0a7a81a1aa7b8","locale":"en-us","time":"2020-12-09T05:54:35.049Z","user":"bltf01cfddcefa2394d","version":1},{"environment":"bltbf6778af33222a17","locale":"en-us","time":"2020-12-09T05:54:35.049Z","user":"bltf01cfddcefa2394d","version":1}]},"nav_menu":{"link":[{"title":"Home","href":"/"},{"title":"Blog","href":"/blog"},{"title":"Contact","href":"/contact"},{"title":"About","href":"/about"}]},"tags":[],"locale":"en-us","ACL":{},"uid":"blt54ab6675699eac77","created_by":"bltf01cfddcefa2394d","updated_by":"bltf01cfddcefa2394d","created_at":"2020-12-09T05:55:43.165Z","updated_at":"2020-12-09T08:28:20.313Z","_version":2,"_in_progress":false,"publish_details":[{"environment":"bltf6c0a7a81a1aa7b8","locale":"en-us","time":"2020-12-09T08:28:26.142Z","user":"bltf01cfddcefa2394d","version":2},{"environment":"bltbf6778af33222a17","locale":"en-us","time":"2020-12-09T08:28:26.143Z","user":"bltf01cfddcefa2394d","version":2},{"environment":"bltf6c0a7a81a1aa7b8","locale":"fr-fr","time":"2020-12-09T05:55:45.147Z","user":"bltf01cfddcefa2394d","version":1},{"environment":"bltbf6778af33222a17","locale":"fr-fr","time":"2020-12-09T05:55:45.147Z","user":"bltf01cfddcefa2394d","version":1}]}}