[{"uid":"blt565497c14fb42b9a","content_type":"image/jpeg","file_size":"57312","tags":[],"filename":"travel-blog-3.jpg","url":"https://images.contentstack.io/v3/assets/blt7db50cd7978895ca/blt565497c14fb42b9a/5fd066c33ccc080a3e1af6de/travel-blog-3.jpg","ACL":{},"is_dir":false,"parent_uid":null,"_version":1,"title":"travel_blog_carousel_3.jpg","description":"","publish_details":[{"environment":"bltf6c0a7a81a1aa7b8","locale":"en-us","time":"2020-12-09T05:55:22.302Z","user":"bltf01cfddcefa2394d","version":1},{"environment":"bltbf6778af33222a17","locale":"en-us","time":"2020-12-09T05:55:22.302Z","user":"bltf01cfddcefa2394d","version":1}]}]