{"blt16c9bef6caa0f21e":{"uid":"blt16c9bef6caa0f21e","content_type":"image/jpeg","file_size":"16383","tags":[],"filename":"avatar_3.jpg","url":"https://images.contentstack.io/v3/assets/blt7db50cd7978895ca/blt16c9bef6caa0f21e/5fd06c7769cce544cffa4e50/avatar_3.jpg","ACL":{"roles":[],"others":{"read":false,"create":false,"update":false,"delete":false,"sub_acl":{"read":false,"create":false,"update":false,"delete":false,"publish":false}}},"is_dir":false,"_version":1,"title":"avatar_3.jpg","publish_details":[{"environment":"bltbf6778af33222a17","locale":"en-us","time":"2020-12-09T06:23:38.649Z","user":"bltf01cfddcefa2394d","version":1},{"environment":"bltf6c0a7a81a1aa7b8","locale":"en-us","time":"2020-12-09T06:23:38.649Z","user":"bltf01cfddcefa2394d","version":1}]},"blt331680b85f9f9021":{"uid":"blt331680b85f9f9021","content_type":"image/png","file_size":"5607","tags":[],"filename":"avatar_4.png","url":"https://images.contentstack.io/v3/assets/blt7db50cd7978895ca/blt331680b85f9f9021/5fd06c5f50460c30dd53f9f9/avatar_4.png","ACL":{"roles":[],"others":{"read":false,"create":false,"update":false,"delete":false,"sub_acl":{"read":false,"create":false,"update":false,"delete":false,"publish":false}}},"is_dir":false,"_version":1,"title":"avatar_4.png","publish_details":[{"environment":"bltbf6778af33222a17","locale":"en-us","time":"2020-12-09T06:23:38.666Z","user":"bltf01cfddcefa2394d","version":1},{"environment":"bltf6c0a7a81a1aa7b8","locale":"en-us","time":"2020-12-09T06:23:38.666Z","user":"bltf01cfddcefa2394d","version":1}]},"blt437ddbc138e5981b":{"uid":"blt437ddbc138e5981b","content_type":"image/png","file_size":"69324","tags":[],"filename":"avatar_5.png","url":"https://images.contentstack.io/v3/assets/blt7db50cd7978895ca/blt437ddbc138e5981b/5fd06ca259bd313bf831221a/avatar_5.png","ACL":{"roles":[],"others":{"read":false,"create":false,"update":false,"delete":false,"sub_acl":{"read":false,"create":false,"update":false,"delete":false,"publish":false}}},"is_dir":false,"_version":1,"title":"avatar_5.png","publish_details":[{"environment":"bltbf6778af33222a17","locale":"en-us","time":"2020-12-09T06:23:38.656Z","user":"bltf01cfddcefa2394d","version":1},{"environment":"bltf6c0a7a81a1aa7b8","locale":"en-us","time":"2020-12-09T06:23:38.657Z","user":"bltf01cfddcefa2394d","version":1}]},"blt611196299cf3075d":{"uid":"blt611196299cf3075d","content_type":"image/jpeg","file_size":"42119","tags":[],"filename":"game_carousel_3.jpg","url":"https://images.contentstack.io/v3/assets/blt7db50cd7978895ca/blt611196299cf3075d/5fd066ceee9622065668899c/game_carousel_3.jpg","ACL":{"roles":[],"others":{"read":false,"create":false,"update":false,"delete":false,"sub_acl":{"read":false,"create":false,"update":false,"delete":false,"publish":false}}},"is_dir":false,"parent_uid":null,"_version":1,"title":"game_carousel_3.jpg","publish_details":[{"environment":"bltf6c0a7a81a1aa7b8","locale":"en-us","time":"2020-12-09T05:55:27.164Z","user":"bltf01cfddcefa2394d","version":1},{"environment":"bltbf6778af33222a17","locale":"en-us","time":"2020-12-09T05:55:27.164Z","user":"bltf01cfddcefa2394d","version":1}]},"blt7ccfea3c00934a06":{"uid":"blt7ccfea3c00934a06","content_type":"image/jpeg","file_size":"22898","tags":[],"filename":"Avatar_6.jpg","url":"https://images.contentstack.io/v3/assets/blt7db50cd7978895ca/blt7ccfea3c00934a06/5fd06cd8e5f85744d50f2894/Avatar_6.jpg","ACL":{"roles":[],"others":{"read":false,"create":false,"update":false,"delete":false,"sub_acl":{"read":false,"create":false,"update":false,"delete":false,"publish":false}}},"is_dir":false,"_version":1,"title":"Avatar_6.jpg","publish_details":[{"environment":"bltbf6778af33222a17","locale":"en-us","time":"2020-12-09T06:23:38.640Z","user":"bltf01cfddcefa2394d","version":1},{"environment":"bltf6c0a7a81a1aa7b8","locale":"en-us","time":"2020-12-09T06:23:38.640Z","user":"bltf01cfddcefa2394d","version":1}]},"blt2a43ac8230a14ca8":{"uid":"blt2a43ac8230a14ca8","content_type":"image/jpeg","file_size":"301820","tags":[],"filename":"gaming1.jpg","url":"https://images.contentstack.io/v3/assets/blt7db50cd7978895ca/blt2a43ac8230a14ca8/5fd066b78407ce4a795024de/gaming1.jpg","ACL":{"roles":[],"others":{"read":false,"create":false,"update":false,"delete":false,"sub_acl":{"read":false,"create":false,"update":false,"delete":false,"publish":false}}},"is_dir":false,"_version":1,"title":"gaming1.jpg","description":"","publish_details":[{"environment":"bltbf6778af33222a17","locale":"en-us","time":"2020-12-09T05:55:05.149Z","user":"bltf01cfddcefa2394d","version":1}]},"blt02c7ea8d515d2044":{"uid":"blt02c7ea8d515d2044","content_type":"image/jpeg","file_size":"87681","tags":[],"filename":"blog-list-hero-banner.jpg","url":"https://images.contentstack.io/v3/assets/blt7db50cd7978895ca/blt02c7ea8d515d2044/5fd066ba01ac5407a7e2687b/blog-list-hero-banner.jpg","ACL":{"roles":[],"others":{"read":false,"create":false,"update":false,"delete":false,"sub_acl":{"read":false,"create":false,"update":false,"delete":false,"publish":false}}},"is_dir":false,"_version":1,"title":"Blog_banner.jpg","description":"","publish_details":[{"environment":"bltbf6778af33222a17","locale":"en-us","time":"2020-12-09T05:55:08.282Z","user":"bltf01cfddcefa2394d","version":1}]},"bltf470ec3dfcadffed":{"uid":"bltf470ec3dfcadffed","content_type":"image/jpeg","file_size":"268038","tags":[],"filename":"focus-photo.jpg","url":"https://images.contentstack.io/v3/assets/blt7db50cd7978895ca/bltf470ec3dfcadffed/5fd066bd1c3199435ca04c0a/focus-photo.jpg","ACL":{"roles":[],"others":{"read":false,"create":false,"update":false,"delete":false,"sub_acl":{"read":false,"create":false,"update":false,"delete":false,"publish":false}}},"is_dir":false,"_version":1,"title":"focus-photo-of-super-mario-luigi-and-yoshi-figurines-163036.jpg","description":"","publish_details":[{"environment":"bltbf6778af33222a17","locale":"en-us","time":"2020-12-09T05:55:11.071Z","user":"bltf01cfddcefa2394d","version":1}]},"blt8d215d33e408a66b":{"uid":"blt8d215d33e408a66b","content_type":"image/jpeg","file_size":"80565","tags":[],"filename":"blogs_hero_banner.jpg","url":"https://images.contentstack.io/v3/assets/blt7db50cd7978895ca/blt8d215d33e408a66b/5fd066bbfcc2f8159a4fe1af/blogs_hero_banner.jpg","ACL":{"roles":[],"others":{"read":false,"create":false,"update":false,"delete":false,"sub_acl":{"read":false,"create":false,"update":false,"delete":false,"publish":false}}},"is_dir":false,"parent_uid":null,"_version":1,"title":"blogs_hero_banner.jpeg","description":"","publish_details":[{"environment":"bltf6c0a7a81a1aa7b8","locale":"en-us","time":"2020-12-09T05:55:08.277Z","user":"bltf01cfddcefa2394d","version":1},{"environment":"bltbf6778af33222a17","locale":"en-us","time":"2020-12-09T05:55:08.277Z","user":"bltf01cfddcefa2394d","version":1}]},"blt6ccff5572dfaf168":{"uid":"blt6ccff5572dfaf168","content_type":"image/jpeg","file_size":"250265","tags":[],"filename":"travel-blog-2.jpg","url":"https://images.contentstack.io/v3/assets/blt7db50cd7978895ca/blt6ccff5572dfaf168/5fd066b88c64fb17f1914693/travel-blog-2.jpg","ACL":{"roles":[],"others":{"read":false,"create":false,"update":false,"delete":false,"sub_acl":{"read":false,"create":false,"update":false,"delete":false,"publish":false}}},"is_dir":false,"_version":1,"title":"travel_blog_carousel_2.jpg","description":"","publish_details":[{"environment":"bltf6c0a7a81a1aa7b8","locale":"en-us","time":"2020-12-09T05:55:06.659Z","user":"bltf01cfddcefa2394d","version":1},{"environment":"bltbf6778af33222a17","locale":"en-us","time":"2020-12-09T05:55:06.659Z","user":"bltf01cfddcefa2394d","version":1}]},"blt84de960f72746ee2":{"uid":"blt84de960f72746ee2","content_type":"image/jpeg","file_size":"119696","tags":[],"filename":"food-blog-banner.jpg","url":"https://images.contentstack.io/v3/assets/blt7db50cd7978895ca/blt84de960f72746ee2/5fd066bf37b70c20091d8151/food-blog-banner.jpg","ACL":{"roles":[],"others":{"read":false,"create":false,"update":false,"delete":false,"sub_acl":{"read":false,"create":false,"update":false,"delete":false,"publish":false}}},"is_dir":false,"parent_uid":null,"_version":1,"title":"food_blog.jpg","description":"","publish_details":[{"environment":"bltf6c0a7a81a1aa7b8","locale":"en-us","time":"2020-12-09T05:55:14.617Z","user":"bltf01cfddcefa2394d","version":1},{"environment":"bltbf6778af33222a17","locale":"en-us","time":"2020-12-09T05:55:14.617Z","user":"bltf01cfddcefa2394d","version":1}]},"blt6363fc380ebe24e1":{"uid":"blt6363fc380ebe24e1","content_type":"image/jpeg","file_size":"384515","tags":[],"filename":"arcade-buttons-computer-design.jpg","url":"https://images.contentstack.io/v3/assets/blt7db50cd7978895ca/blt6363fc380ebe24e1/5fd066bee32be20bea3cab8c/arcade-buttons-computer-design.jpg","ACL":{"roles":[],"others":{"read":false,"create":false,"update":false,"delete":false,"sub_acl":{"read":false,"create":false,"update":false,"delete":false,"publish":false}}},"is_dir":false,"_version":1,"title":"arcade-buttons-computer-design-371924.jpg","description":"","publish_details":[{"environment":"bltbf6778af33222a17","locale":"en-us","time":"2020-12-09T05:55:12.077Z","user":"bltf01cfddcefa2394d","version":1}]},"blt2cab7dd74ca156a5":{"uid":"blt2cab7dd74ca156a5","content_type":"image/jpeg","file_size":"39133","tags":[],"filename":"travel-blog-banner.jpg","url":"https://images.contentstack.io/v3/assets/blt7db50cd7978895ca/blt2cab7dd74ca156a5/5fd066c11a1256157b297743/travel-blog-banner.jpg","ACL":{"roles":[],"others":{"read":false,"create":false,"update":false,"delete":false,"sub_acl":{"read":false,"create":false,"update":false,"delete":false,"publish":false}}},"is_dir":false,"parent_uid":null,"_version":1,"title":"travel_blog.jpg","description":"","publish_details":[{"environment":"bltf6c0a7a81a1aa7b8","locale":"en-us","time":"2020-12-09T05:55:15.658Z","user":"bltf01cfddcefa2394d","version":1},{"environment":"bltbf6778af33222a17","locale":"en-us","time":"2020-12-09T05:55:15.658Z","user":"bltf01cfddcefa2394d","version":1}]},"blt565497c14fb42b9a":{"uid":"blt565497c14fb42b9a","content_type":"image/jpeg","file_size":"57312","tags":[],"filename":"travel-blog-3.jpg","url":"https://images.contentstack.io/v3/assets/blt7db50cd7978895ca/blt565497c14fb42b9a/5fd066c33ccc080a3e1af6de/travel-blog-3.jpg","ACL":{"roles":[],"others":{"read":false,"create":false,"update":false,"delete":false,"sub_acl":{"read":false,"create":false,"update":false,"delete":false,"publish":false}}},"is_dir":false,"parent_uid":null,"_version":1,"title":"travel_blog_carousel_3.jpg","description":"","publish_details":[{"environment":"bltf6c0a7a81a1aa7b8","locale":"en-us","time":"2020-12-09T05:55:22.302Z","user":"bltf01cfddcefa2394d","version":1},{"environment":"bltbf6778af33222a17","locale":"en-us","time":"2020-12-09T05:55:22.302Z","user":"bltf01cfddcefa2394d","version":1}]},"blt628b2d70e5685111":{"uid":"blt628b2d70e5685111","content_type":"image/jpeg","file_size":"226049","tags":[],"filename":"travel-blog-1.jpg","url":"https://images.contentstack.io/v3/assets/blt7db50cd7978895ca/blt628b2d70e5685111/5fd066c3410b0320032b7288/travel-blog-1.jpg","ACL":{"roles":[],"others":{"read":false,"create":false,"update":false,"delete":false,"sub_acl":{"read":false,"create":false,"update":false,"delete":false,"publish":false}}},"is_dir":false,"_version":1,"title":"travel_blog_carousel_1.jpg","description":"","publish_details":[{"environment":"bltf6c0a7a81a1aa7b8","locale":"en-us","time":"2020-12-09T05:55:18.243Z","user":"bltf01cfddcefa2394d","version":1},{"environment":"bltbf6778af33222a17","locale":"en-us","time":"2020-12-09T05:55:18.243Z","user":"bltf01cfddcefa2394d","version":1}]},"blt9403bdc556379251":{"uid":"blt9403bdc556379251","content_type":"image/jpeg","file_size":"37861","tags":[],"filename":"career.jpg","url":"https://images.contentstack.io/v3/assets/blt7db50cd7978895ca/blt9403bdc556379251/5fd066c33cac1a0b1bb73921/career.jpg","ACL":{"roles":[],"others":{"read":false,"create":false,"update":false,"delete":false,"sub_acl":{"read":false,"create":false,"update":false,"delete":false,"publish":false}}},"is_dir":false,"_version":1,"title":"about.PNG","description":"","publish_details":[{"environment":"bltf6c0a7a81a1aa7b8","locale":"en-us","time":"2020-12-09T05:55:17.084Z","user":"bltf01cfddcefa2394d","version":1},{"environment":"bltbf6778af33222a17","locale":"en-us","time":"2020-12-09T05:55:17.084Z","user":"bltf01cfddcefa2394d","version":1}]},"blt6b7cbba6d918ed98":{"uid":"blt6b7cbba6d918ed98","content_type":"image/jpeg","file_size":"7027","tags":[],"filename":"news.jpeg","url":"https://images.contentstack.io/v3/assets/blt7db50cd7978895ca/blt6b7cbba6d918ed98/5fd066c55fa8a51a6fb5bdbd/news.jpeg","ACL":{"roles":[],"others":{"read":false,"create":false,"update":false,"delete":false,"sub_acl":{"read":false,"create":false,"update":false,"delete":false,"publish":false}}},"is_dir":false,"parent_uid":null,"_version":1,"title":"about.PNG","description":"","publish_details":[{"environment":"bltf6c0a7a81a1aa7b8","locale":"en-us","time":"2020-12-09T05:55:20.631Z","user":"bltf01cfddcefa2394d","version":1},{"environment":"bltbf6778af33222a17","locale":"en-us","time":"2020-12-09T05:55:20.631Z","user":"bltf01cfddcefa2394d","version":1}]},"blt1cd8add7cc895b12":{"uid":"blt1cd8add7cc895b12","content_type":"image/png","file_size":"698297","tags":[],"filename":"sample-app-nextjs.png","url":"https://images.contentstack.io/v3/assets/blt7db50cd7978895ca/blt1cd8add7cc895b12/5fd066cc2600d41061073178/sample-app-nextjs.png","ACL":{"roles":[],"others":{"read":false,"create":false,"update":false,"delete":false,"sub_acl":{"read":false,"create":false,"update":false,"delete":false,"publish":false}}},"is_dir":false,"parent_uid":null,"_version":1,"title":"sample-app-nextjs.png","publish_details":[]},"blt434584fcc6e0fac3":{"uid":"blt434584fcc6e0fac3","content_type":"image/jpeg","file_size":"104784","tags":[],"filename":"science_and_technology.jpg","url":"https://images.contentstack.io/v3/assets/blt7db50cd7978895ca/blt434584fcc6e0fac3/5fd066c8d469e74bb159127a/science_and_technology.jpg","ACL":{"roles":[],"others":{"read":false,"create":false,"update":false,"delete":false,"sub_acl":{"read":false,"create":false,"update":false,"delete":false,"publish":false}}},"is_dir":false,"_version":1,"title":"technology.jpg","description":"","publish_details":[{"environment":"bltf6c0a7a81a1aa7b8","locale":"en-us","time":"2020-12-09T05:55:20.681Z","user":"bltf01cfddcefa2394d","version":1},{"environment":"bltbf6778af33222a17","locale":"en-us","time":"2020-12-09T05:55:20.681Z","user":"bltf01cfddcefa2394d","version":1}]},"bltcb65028a1e5df31d":{"uid":"bltcb65028a1e5df31d","content_type":"image/jpeg","file_size":"48852","tags":[],"filename":"game_carousel_2.jpg","url":"https://images.contentstack.io/v3/assets/blt7db50cd7978895ca/bltcb65028a1e5df31d/5fd066cd97f265271b47c52c/game_carousel_2.jpg","ACL":{"roles":[],"others":{"read":false,"create":false,"update":false,"delete":false,"sub_acl":{"read":false,"create":false,"update":false,"delete":false,"publish":false}}},"is_dir":false,"parent_uid":null,"_version":1,"title":"game_carousel_2.jpg","publish_details":[{"environment":"bltf6c0a7a81a1aa7b8","locale":"en-us","time":"2020-12-09T05:55:27.200Z","user":"bltf01cfddcefa2394d","version":1},{"environment":"bltbf6778af33222a17","locale":"en-us","time":"2020-12-09T05:55:27.200Z","user":"bltf01cfddcefa2394d","version":1}]},"bltb5c203ab77fb1f9c":{"uid":"bltb5c203ab77fb1f9c","content_type":"image/jpeg","file_size":"40900","tags":[],"filename":"work1.jpg","url":"https://images.contentstack.io/v3/assets/blt7db50cd7978895ca/bltb5c203ab77fb1f9c/5fd06691ccd994123fadd5b0/work1.jpg","ACL":{"roles":[],"others":{"read":false,"create":false,"update":false,"delete":false,"sub_acl":{"read":false,"create":false,"update":false,"delete":false,"publish":false}}},"is_dir":false,"_version":1,"title":"work1.jpg","publish_details":[]},"blt130a03fe611e149a":{"uid":"blt130a03fe611e149a","content_type":"image/jpeg","file_size":"30925","tags":[],"filename":"image1.jpeg","url":"https://images.contentstack.io/v3/assets/blt7db50cd7978895ca/blt130a03fe611e149a/5fd066940826fe0c7db98482/image1.jpeg","ACL":{"roles":[],"others":{"read":false,"create":false,"update":false,"delete":false,"sub_acl":{"read":false,"create":false,"update":false,"delete":false,"publish":false}}},"is_dir":false,"_version":1,"title":"image1.jpeg","publish_details":[{"environment":"bltbf6778af33222a17","locale":"en-us","time":"2020-12-09T05:54:30.615Z","user":"bltf01cfddcefa2394d","version":1}]},"blt8cd026493a0fbf31":{"uid":"blt8cd026493a0fbf31","content_type":"image/png","file_size":"71237","tags":[],"filename":"background.png","url":"https://images.contentstack.io/v3/assets/blt7db50cd7978895ca/blt8cd026493a0fbf31/5fd06690c7f6526e12338cf5/background.png","ACL":{"roles":[],"others":{"read":false,"create":false,"update":false,"delete":false,"sub_acl":{"read":false,"create":false,"update":false,"delete":false,"publish":false}}},"is_dir":false,"_version":1,"title":"background.png","publish_details":[]},"blta824329aa02b76fd":{"uid":"blta824329aa02b76fd","content_type":"image/jpeg","file_size":"127692","tags":[],"filename":"abc.jpg","url":"https://images.contentstack.io/v3/assets/blt7db50cd7978895ca/blta824329aa02b76fd/5fd066933cac1a0b1bb7391b/abc.jpg","ACL":{"roles":[],"others":{"read":false,"create":false,"update":false,"delete":false,"sub_acl":{"read":false,"create":false,"update":false,"delete":false,"publish":false}}},"is_dir":false,"_version":1,"title":"abc.jpg","publish_details":[]},"blta864e3ec69406eac":{"uid":"blta864e3ec69406eac","content_type":"image/jpeg","file_size":"64888","tags":[],"filename":"game_carousel_4.jpg","url":"https://images.contentstack.io/v3/assets/blt7db50cd7978895ca/blta864e3ec69406eac/5fd066857f88e904f757be55/game_carousel_4.jpg","ACL":{"roles":[],"others":{"read":false,"create":false,"update":false,"delete":false,"sub_acl":{"read":false,"create":false,"update":false,"delete":false,"publish":false}}},"is_dir":false,"_version":1,"title":"game_carousel_4.jpg","publish_details":[{"environment":"bltf6c0a7a81a1aa7b8","locale":"en-us","time":"2020-12-09T05:54:15.719Z","user":"bltf01cfddcefa2394d","version":1},{"environment":"bltbf6778af33222a17","locale":"en-us","time":"2020-12-09T05:54:15.719Z","user":"bltf01cfddcefa2394d","version":1}]},"blt6d3c9d2a54f44dac":{"uid":"blt6d3c9d2a54f44dac","content_type":"image/jpeg","file_size":"51058","tags":[],"filename":"game_carousel_1.jpg","url":"https://images.contentstack.io/v3/assets/blt7db50cd7978895ca/blt6d3c9d2a54f44dac/5fd06685c934471d04a3c938/game_carousel_1.jpg","ACL":{"roles":[],"others":{"read":false,"create":false,"update":false,"delete":false,"sub_acl":{"read":false,"create":false,"update":false,"delete":false,"publish":false}}},"is_dir":false,"parent_uid":null,"_version":1,"title":"game_carousel_1.jpg","publish_details":[{"environment":"bltf6c0a7a81a1aa7b8","locale":"en-us","time":"2020-12-09T05:54:15.708Z","user":"bltf01cfddcefa2394d","version":1},{"environment":"bltbf6778af33222a17","locale":"en-us","time":"2020-12-09T05:54:15.708Z","user":"bltf01cfddcefa2394d","version":1}]},"bltad8c54ae944a5c0b":{"uid":"bltad8c54ae944a5c0b","content_type":"image/jpeg","file_size":"27856","tags":[],"filename":"work3.jpg","url":"https://images.contentstack.io/v3/assets/blt7db50cd7978895ca/bltad8c54ae944a5c0b/5fd06694083fcc0c7293c28f/work3.jpg","ACL":{"roles":[],"others":{"read":false,"create":false,"update":false,"delete":false,"sub_acl":{"read":false,"create":false,"update":false,"delete":false,"publish":false}}},"is_dir":false,"parent_uid":null,"_version":1,"title":"work3.jpg","publish_details":[]},"bltd21f93947d8ef64c":{"uid":"bltd21f93947d8ef64c","content_type":"image/jpeg","file_size":"10398","tags":[],"filename":"avatar5.jpg","url":"https://images.contentstack.io/v3/assets/blt7db50cd7978895ca/bltd21f93947d8ef64c/5fd06688c4ba3310c7959866/avatar5.jpg","ACL":{"roles":[],"others":{"read":false,"create":false,"update":false,"delete":false,"sub_acl":{"read":false,"create":false,"update":false,"delete":false,"publish":false}}},"is_dir":false,"_version":1,"title":"avatar5.jpg","publish_details":[]},"blt8ab49ec2961ce65b":{"uid":"blt8ab49ec2961ce65b","content_type":"image/jpeg","file_size":"67442","tags":[],"filename":"Optimized-banner-nexttheme-min.jpeg","url":"https://images.contentstack.io/v3/assets/blt7db50cd7978895ca/blt8ab49ec2961ce65b/5fd0668d64e3cd10d2e8b846/Optimized-banner-nexttheme-min.jpeg","ACL":{"roles":[],"others":{"read":false,"create":false,"update":false,"delete":false,"sub_acl":{"read":false,"create":false,"update":false,"delete":false,"publish":false}}},"is_dir":false,"_version":1,"title":"Optimized-banner-nexttheme-min.jpeg","publish_details":[{"environment":"bltbf6778af33222a17","locale":"en-us","time":"2020-12-09T05:54:22.287Z","user":"bltf01cfddcefa2394d","version":1}]},"bltde94d43c8f7610ba":{"uid":"bltde94d43c8f7610ba","content_type":"image/jpeg","file_size":"63463","tags":[],"filename":"avatar2.jpg","url":"https://images.contentstack.io/v3/assets/blt7db50cd7978895ca/bltde94d43c8f7610ba/5fd0668eb3171d0ceb93f099/avatar2.jpg","ACL":{"roles":[],"others":{"read":false,"create":false,"update":false,"delete":false,"sub_acl":{"read":false,"create":false,"update":false,"delete":false,"publish":false}}},"is_dir":false,"_version":1,"title":"avatar2.jpg","publish_details":[]},"blt3fbae991245d2f75":{"uid":"blt3fbae991245d2f75","content_type":"image/jpeg","file_size":"313151","tags":[],"filename":"foodBlog_post.jpg","url":"https://images.contentstack.io/v3/assets/blt7db50cd7978895ca/blt3fbae991245d2f75/5fd0668d65c21666b074cf4c/foodBlog_post.jpg","ACL":{"roles":[],"others":{"read":false,"create":false,"update":false,"delete":false,"sub_acl":{"read":false,"create":false,"update":false,"delete":false,"publish":false}}},"is_dir":false,"_version":1,"title":"foodBlog_post.jpg","description":"","publish_details":[{"environment":"bltbf6778af33222a17","locale":"en-us","time":"2020-12-09T05:54:23.989Z","user":"bltf01cfddcefa2394d","version":1}]},"bltecf9f0553036bc49":{"uid":"bltecf9f0553036bc49","content_type":"image/png","file_size":"621723","tags":[],"filename":"sample-app-nextjs.png","url":"https://images.contentstack.io/v3/assets/blt7db50cd7978895ca/bltecf9f0553036bc49/5fd0668afcc2f8159a4fe1a9/sample-app-nextjs.png","ACL":{"roles":[],"others":{"read":false,"create":false,"update":false,"delete":false,"sub_acl":{"read":false,"create":false,"update":false,"delete":false,"publish":false}}},"is_dir":false,"parent_uid":null,"_version":1,"title":"sample-app-nextjs.png","publish_details":[]},"blta50b725c7f146734":{"uid":"blta50b725c7f146734","content_type":"image/jpeg","file_size":"62452","tags":[],"filename":"avatar4.jpg","url":"https://images.contentstack.io/v3/assets/blt7db50cd7978895ca/blta50b725c7f146734/5fd0668a0c351b072cc7f612/avatar4.jpg","ACL":{"roles":[],"others":{"read":false,"create":false,"update":false,"delete":false,"sub_acl":{"read":false,"create":false,"update":false,"delete":false,"publish":false}}},"is_dir":false,"_version":1,"title":"avatar4.jpg","publish_details":[]},"blt1915543d31d9d60f":{"uid":"blt1915543d31d9d60f","content_type":"image/jpeg","file_size":"18910","tags":[],"filename":"avatar6.jpg","url":"https://images.contentstack.io/v3/assets/blt7db50cd7978895ca/blt1915543d31d9d60f/5fd0668f69bbae2264ceed9d/avatar6.jpg","ACL":{"roles":[],"others":{"read":false,"create":false,"update":false,"delete":false,"sub_acl":{"read":false,"create":false,"update":false,"delete":false,"publish":false}}},"is_dir":false,"_version":1,"title":"avatar6.jpg","publish_details":[]},"blt38e7ffd0eaedf3f8":{"uid":"blt38e7ffd0eaedf3f8","content_type":"image/jpeg","file_size":"51591","tags":[],"filename":"image5.jpeg","url":"https://images.contentstack.io/v3/assets/blt7db50cd7978895ca/blt38e7ffd0eaedf3f8/5fd066b065c21666b074cf50/image5.jpeg","ACL":{"roles":[],"others":{"read":false,"create":false,"update":false,"delete":false,"sub_acl":{"read":false,"create":false,"update":false,"delete":false,"publish":false}}},"is_dir":false,"_version":1,"title":"image5.jpeg","publish_details":[{"environment":"bltbf6778af33222a17","locale":"en-us","time":"2020-12-09T05:54:59.376Z","user":"bltf01cfddcefa2394d","version":1}]},"blt1f41d3b24b97494f":{"uid":"blt1f41d3b24b97494f","content_type":"image/png","file_size":"64021","tags":[],"filename":"blogs.png","url":"https://images.contentstack.io/v3/assets/blt7db50cd7978895ca/blt1f41d3b24b97494f/5fd066b428ec7250b20cf4af/blogs.png","ACL":{"roles":[],"others":{"read":false,"create":false,"update":false,"delete":false,"sub_acl":{"read":false,"create":false,"update":false,"delete":false,"publish":false}}},"is_dir":false,"parent_uid":null,"_version":1,"title":"blogs.png","publish_details":[{"environment":"bltf6c0a7a81a1aa7b8","locale":"en-us","time":"2020-12-09T05:55:00.410Z","user":"bltf01cfddcefa2394d","version":1},{"environment":"bltbf6778af33222a17","locale":"en-us","time":"2020-12-09T05:55:00.410Z","user":"bltf01cfddcefa2394d","version":1}]},"blt577cac38fe337332":{"uid":"blt577cac38fe337332","content_type":"image/jpeg","file_size":"257210","tags":[],"filename":"gaming5.jpg","url":"https://images.contentstack.io/v3/assets/blt7db50cd7978895ca/blt577cac38fe337332/5fd066b4e1e36601461f1945/gaming5.jpg","ACL":{"roles":[],"others":{"read":false,"create":false,"update":false,"delete":false,"sub_acl":{"read":false,"create":false,"update":false,"delete":false,"publish":false}}},"is_dir":false,"parent_uid":null,"_version":1,"title":"gaming5.jpg","description":"","publish_details":[{"environment":"bltbf6778af33222a17","locale":"en-us","time":"2020-12-09T05:55:02.035Z","user":"bltf01cfddcefa2394d","version":1}]},"blt60ac6aee53a441a1":{"uid":"blt60ac6aee53a441a1","content_type":"image/jpeg","file_size":"110425","tags":[],"filename":"image4.jpeg","url":"https://images.contentstack.io/v3/assets/blt7db50cd7978895ca/blt60ac6aee53a441a1/5fd066b01473ad0654e839fe/image4.jpeg","ACL":{"roles":[],"others":{"read":false,"create":false,"update":false,"delete":false,"sub_acl":{"read":false,"create":false,"update":false,"delete":false,"publish":false}}},"is_dir":false,"_version":1,"title":"image4.jpeg","publish_details":[{"environment":"bltbf6778af33222a17","locale":"en-us","time":"2020-12-09T05:54:57.123Z","user":"bltf01cfddcefa2394d","version":1}]},"bltc853b51b6b13f41c":{"uid":"bltc853b51b6b13f41c","content_type":"image/jpeg","file_size":"27241","tags":[],"filename":"service.jpg","url":"https://images.contentstack.io/v3/assets/blt7db50cd7978895ca/bltc853b51b6b13f41c/5fd06696848ed16450877bb0/service.jpg","ACL":{"roles":[],"others":{"read":false,"create":false,"update":false,"delete":false,"sub_acl":{"read":false,"create":false,"update":false,"delete":false,"publish":false}}},"is_dir":false,"_version":1,"title":"service.jpg","publish_details":[]},"bltacdb3996e1f21afd":{"uid":"bltacdb3996e1f21afd","content_type":"image/jpeg","file_size":"104372","tags":[],"filename":"image2.jpeg","url":"https://images.contentstack.io/v3/assets/blt7db50cd7978895ca/bltacdb3996e1f21afd/5fd066967f04d324b5688cd0/image2.jpeg","ACL":{"roles":[],"others":{"read":false,"create":false,"update":false,"delete":false,"sub_acl":{"read":false,"create":false,"update":false,"delete":false,"publish":false}}},"is_dir":false,"_version":1,"title":"image2.jpeg","publish_details":[{"environment":"bltbf6778af33222a17","locale":"en-us","time":"2020-12-09T05:54:32.791Z","user":"bltf01cfddcefa2394d","version":1}]},"blt7372d98c89834f96":{"uid":"blt7372d98c89834f96","content_type":"image/jpeg","file_size":"73180","tags":[],"filename":"image6.jpeg","url":"https://images.contentstack.io/v3/assets/blt7db50cd7978895ca/blt7372d98c89834f96/5fd066b2891e8d4e4e03fbe4/image6.jpeg","ACL":{"roles":[],"others":{"read":false,"create":false,"update":false,"delete":false,"sub_acl":{"read":false,"create":false,"update":false,"delete":false,"publish":false}}},"is_dir":false,"parent_uid":null,"_version":1,"title":"image6.jpeg","publish_details":[{"environment":"bltbf6778af33222a17","locale":"en-us","time":"2020-12-09T05:54:59.415Z","user":"bltf01cfddcefa2394d","version":1}]},"blt8f9ef3098ec767ee":{"uid":"blt8f9ef3098ec767ee","content_type":"image/jpeg","file_size":"51278","tags":[],"filename":"avatar1.jpg","url":"https://images.contentstack.io/v3/assets/blt7db50cd7978895ca/blt8f9ef3098ec767ee/5fd066983f5c2d2c4bf25efe/avatar1.jpg","ACL":{"roles":[],"others":{"read":false,"create":false,"update":false,"delete":false,"sub_acl":{"read":false,"create":false,"update":false,"delete":false,"publish":false}}},"is_dir":false,"parent_uid":null,"_version":1,"title":"avatar1.jpg","publish_details":[]},"bltee63a54dfb31abe1":{"uid":"bltee63a54dfb31abe1","content_type":"image/png","file_size":"4004","tags":[],"filename":"logo.png","url":"https://images.contentstack.io/v3/assets/blt7db50cd7978895ca/bltee63a54dfb31abe1/5fd0669a28ec7250b20cf4ab/logo.png","ACL":{"roles":[],"others":{"read":false,"create":false,"update":false,"delete":false,"sub_acl":{"read":false,"create":false,"update":false,"delete":false,"publish":false}}},"is_dir":false,"parent_uid":null,"_version":1,"title":"logo.png","publish_details":[{"environment":"bltf6c0a7a81a1aa7b8","locale":"en-us","time":"2020-12-09T05:54:35.049Z","user":"bltf01cfddcefa2394d","version":1},{"environment":"bltbf6778af33222a17","locale":"en-us","time":"2020-12-09T05:54:35.049Z","user":"bltf01cfddcefa2394d","version":1}]},"bltd41d04c389c8324c":{"uid":"bltd41d04c389c8324c","content_type":"image/jpeg","file_size":"42053","tags":[],"filename":"sports-blog-post.jpg","url":"https://images.contentstack.io/v3/assets/blt7db50cd7978895ca/bltd41d04c389c8324c/5fd0669bc4ba3310c795986a/sports-blog-post.jpg","ACL":{"roles":[],"others":{"read":false,"create":false,"update":false,"delete":false,"sub_acl":{"read":false,"create":false,"update":false,"delete":false,"publish":false}}},"is_dir":false,"_version":1,"title":"sports.jpg","description":"","publish_details":[{"environment":"bltf6c0a7a81a1aa7b8","locale":"en-us","time":"2020-12-09T05:54:37.199Z","user":"bltf01cfddcefa2394d","version":1},{"environment":"bltbf6778af33222a17","locale":"en-us","time":"2020-12-09T05:54:37.199Z","user":"bltf01cfddcefa2394d","version":1}]},"blt2b90d3c847f69d3d":{"uid":"blt2b90d3c847f69d3d","content_type":"image/jpeg","file_size":"22564","tags":[],"filename":"services.jpg","url":"https://images.contentstack.io/v3/assets/blt7db50cd7978895ca/blt2b90d3c847f69d3d/5fd0669ce3b44752016adbdd/services.jpg","ACL":{"roles":[],"others":{"read":false,"create":false,"update":false,"delete":false,"sub_acl":{"read":false,"create":false,"update":false,"delete":false,"publish":false}}},"is_dir":false,"parent_uid":null,"_version":1,"title":"services.jpg","publish_details":[]},"blt464730dcc96dd5c7":{"uid":"blt464730dcc96dd5c7","content_type":"image/png","file_size":"4511","tags":[],"filename":"avatar3.png","url":"https://images.contentstack.io/v3/assets/blt7db50cd7978895ca/blt464730dcc96dd5c7/5fd0669c410b0320032b7284/avatar3.png","ACL":{"roles":[],"others":{"read":false,"create":false,"update":false,"delete":false,"sub_acl":{"read":false,"create":false,"update":false,"delete":false,"publish":false}}},"is_dir":false,"_version":1,"title":"avatar3.png","publish_details":[]},"blt683865a75520c532":{"uid":"blt683865a75520c532","content_type":"image/jpeg","file_size":"341212","tags":[],"filename":"eugenio-mazzone.jpg","url":"https://images.contentstack.io/v3/assets/blt7db50cd7978895ca/blt683865a75520c532/5fd066a2d19b9e0dbc863ed1/eugenio-mazzone.jpg","ACL":{"roles":[],"others":{"read":false,"create":false,"update":false,"delete":false,"sub_acl":{"read":false,"create":false,"update":false,"delete":false,"publish":false}}},"is_dir":false,"_version":1,"title":"eugenio-mazzone-6ywyo2qtaZ8-unsplash.jpg","description":"","publish_details":[]},"bltb5874e8400627c7b":{"uid":"bltb5874e8400627c7b","content_type":"image/png","file_size":"78256","tags":[],"filename":"gaming-blog-post.png","url":"https://images.contentstack.io/v3/assets/blt7db50cd7978895ca/bltb5874e8400627c7b/5fd0669a1a1256157b29773f/gaming-blog-post.png","ACL":{"roles":[],"others":{"read":false,"create":false,"update":false,"delete":false,"sub_acl":{"read":false,"create":false,"update":false,"delete":false,"publish":false}}},"is_dir":false,"parent_uid":null,"_version":1,"title":"gaming.jpg","description":"","publish_details":[{"environment":"bltf6c0a7a81a1aa7b8","locale":"en-us","time":"2020-12-09T05:54:36.531Z","user":"bltf01cfddcefa2394d","version":1},{"environment":"bltbf6778af33222a17","locale":"en-us","time":"2020-12-09T05:54:36.531Z","user":"bltf01cfddcefa2394d","version":1}]},"blt5b8f34e6ef5b2dfb":{"uid":"blt5b8f34e6ef5b2dfb","content_type":"image/jpeg","file_size":"341212","tags":[],"filename":"eugenio-mazzone.jpg","url":"https://images.contentstack.io/v3/assets/blt7db50cd7978895ca/blt5b8f34e6ef5b2dfb/5fd066a8d469e74bb1591276/eugenio-mazzone.jpg","ACL":{"roles":[],"others":{"read":false,"create":false,"update":false,"delete":false,"sub_acl":{"read":false,"create":false,"update":false,"delete":false,"publish":false}}},"is_dir":false,"_version":1,"title":"eugenio-mazzone-6ywyo2qtaZ8-unsplash.jpg","description":"","publish_details":[{"environment":"bltbf6778af33222a17","locale":"en-us","time":"2020-12-09T05:54:49.662Z","user":"bltf01cfddcefa2394d","version":1}]},"bltde5f225006d3b772":{"uid":"bltde5f225006d3b772","content_type":"image/jpeg","file_size":"42791","tags":[],"filename":"home_banner.jpg","url":"https://images.contentstack.io/v3/assets/blt7db50cd7978895ca/bltde5f225006d3b772/5fd066ad73616351fa996226/home_banner.jpg","ACL":{"roles":[],"others":{"read":false,"create":false,"update":false,"delete":false,"sub_acl":{"read":false,"create":false,"update":false,"delete":false,"publish":false}}},"is_dir":false,"_version":1,"title":"home_banner.jpg","publish_details":[{"environment":"bltf6c0a7a81a1aa7b8","locale":"en-us","time":"2020-12-09T05:54:55.084Z","user":"bltf01cfddcefa2394d","version":1},{"environment":"bltbf6778af33222a17","locale":"en-us","time":"2020-12-09T05:54:55.084Z","user":"bltf01cfddcefa2394d","version":1}]},"bltcfad197488f7d01a":{"uid":"bltcfad197488f7d01a","content_type":"image/jpeg","file_size":"40525","tags":[],"filename":"image3.jpeg","url":"https://images.contentstack.io/v3/assets/blt7db50cd7978895ca/bltcfad197488f7d01a/5fd066ae71a3c66b8a97d36c/image3.jpeg","ACL":{"roles":[],"others":{"read":false,"create":false,"update":false,"delete":false,"sub_acl":{"read":false,"create":false,"update":false,"delete":false,"publish":false}}},"is_dir":false,"_version":1,"title":"image3.jpeg","publish_details":[{"environment":"bltbf6778af33222a17","locale":"en-us","time":"2020-12-09T05:54:56.576Z","user":"bltf01cfddcefa2394d","version":1}]},"blta50c8b461a748d15":{"uid":"blta50c8b461a748d15","content_type":"image/jpeg","file_size":"313151","tags":[],"filename":"foodBlog_post.jpg","url":"https://images.contentstack.io/v3/assets/blt7db50cd7978895ca/blta50c8b461a748d15/5fd066a2ffa94e13f7ba563e/foodBlog_post.jpg","ACL":{"roles":[],"others":{"read":false,"create":false,"update":false,"delete":false,"sub_acl":{"read":false,"create":false,"update":false,"delete":false,"publish":false}}},"is_dir":false,"parent_uid":null,"_version":1,"title":"lukas-blazek-f-TWhXOrLiU-unsplash.jpg","description":"","publish_details":[]},"blta62f48f73cc8945b":{"uid":"blta62f48f73cc8945b","content_type":"image/jpeg","file_size":"70875","tags":[],"filename":"partner_network.jpg","url":"https://images.contentstack.io/v3/assets/blt7db50cd7978895ca/blta62f48f73cc8945b/5fd066ae2600d41061073174/partner_network.jpg","ACL":{"roles":[],"others":{"read":false,"create":false,"update":false,"delete":false,"sub_acl":{"read":false,"create":false,"update":false,"delete":false,"publish":false}}},"is_dir":false,"parent_uid":null,"_version":1,"title":"partner_network.jpg","publish_details":[{"environment":"bltf6c0a7a81a1aa7b8","locale":"en-us","time":"2020-12-09T05:54:55.077Z","user":"bltf01cfddcefa2394d","version":1},{"environment":"bltbf6778af33222a17","locale":"en-us","time":"2020-12-09T05:54:55.077Z","user":"bltf01cfddcefa2394d","version":1}]},"blt43e49573397beaf8":{"uid":"blt43e49573397beaf8","content_type":"image/jpeg","file_size":"1139306","tags":[],"filename":"education.jpg","url":"https://images.contentstack.io/v3/assets/blt7db50cd7978895ca/blt43e49573397beaf8/5fd066a61dac8c7e7a5c5f9a/education.jpg","ACL":{"roles":[],"others":{"read":false,"create":false,"update":false,"delete":false,"sub_acl":{"read":false,"create":false,"update":false,"delete":false,"publish":false}}},"is_dir":false,"_version":1,"title":"education.jpg","publish_details":[{"environment":"bltf6c0a7a81a1aa7b8","locale":"en-us","time":"2020-12-09T05:54:53.448Z","user":"bltf01cfddcefa2394d","version":1},{"environment":"bltbf6778af33222a17","locale":"en-us","time":"2020-12-09T05:54:53.448Z","user":"bltf01cfddcefa2394d","version":1}]}}