[{"uid":"blt6d3c9d2a54f44dac","content_type":"image/jpeg","file_size":"51058","tags":[],"filename":"game_carousel_1.jpg","url":"https://images.contentstack.io/v3/assets/blt7db50cd7978895ca/blt6d3c9d2a54f44dac/5fd06685c934471d04a3c938/game_carousel_1.jpg","ACL":{},"is_dir":false,"parent_uid":null,"_version":1,"title":"game_carousel_1.jpg","publish_details":[{"environment":"bltf6c0a7a81a1aa7b8","locale":"en-us","time":"2020-12-09T05:54:15.708Z","user":"bltf01cfddcefa2394d","version":1},{"environment":"bltbf6778af33222a17","locale":"en-us","time":"2020-12-09T05:54:15.708Z","user":"bltf01cfddcefa2394d","version":1}]}]