[{"uid":"blt611196299cf3075d","content_type":"image/jpeg","file_size":"42119","tags":[],"filename":"game_carousel_3.jpg","url":"https://images.contentstack.io/v3/assets/blt7db50cd7978895ca/blt611196299cf3075d/5fd066ceee9622065668899c/game_carousel_3.jpg","ACL":{},"is_dir":false,"parent_uid":null,"_version":1,"title":"game_carousel_3.jpg","publish_details":[{"environment":"bltf6c0a7a81a1aa7b8","locale":"en-us","time":"2020-12-09T05:55:27.164Z","user":"bltf01cfddcefa2394d","version":1},{"environment":"bltbf6778af33222a17","locale":"en-us","time":"2020-12-09T05:55:27.164Z","user":"bltf01cfddcefa2394d","version":1}]}]