[{"uid":"bltf470ec3dfcadffed","content_type":"image/jpeg","file_size":"268038","tags":[],"filename":"focus-photo.jpg","url":"https://images.contentstack.io/v3/assets/blt7db50cd7978895ca/bltf470ec3dfcadffed/5fd066bd1c3199435ca04c0a/focus-photo.jpg","ACL":{},"is_dir":false,"_version":1,"title":"focus-photo-of-super-mario-luigi-and-yoshi-figurines-163036.jpg","description":"","publish_details":[{"environment":"bltbf6778af33222a17","locale":"en-us","time":"2020-12-09T05:55:11.071Z","user":"bltf01cfddcefa2394d","version":1}]}]