[{"uid":"blt628b2d70e5685111","content_type":"image/jpeg","file_size":"226049","tags":[],"filename":"travel-blog-1.jpg","url":"https://images.contentstack.io/v3/assets/blt7db50cd7978895ca/blt628b2d70e5685111/5fd066c3410b0320032b7288/travel-blog-1.jpg","ACL":{},"is_dir":false,"_version":1,"title":"travel_blog_carousel_1.jpg","description":"","publish_details":[{"environment":"bltf6c0a7a81a1aa7b8","locale":"en-us","time":"2020-12-09T05:55:18.243Z","user":"bltf01cfddcefa2394d","version":1},{"environment":"bltbf6778af33222a17","locale":"en-us","time":"2020-12-09T05:55:18.243Z","user":"bltf01cfddcefa2394d","version":1}]}]