{"blt88dce24f354cd398":{"title":"About","url":"/about","about":{"title":"ABOUT","description":"","about_content":[{"title":"Careers","_metadata":{"uid":"cs7cb6100633c8efc5"},"description":"It takes a great team to achieve great results. it is our commitment to bring out the best in every team member and let every idea be heard. This is how we tackle challenging projects and deliver products we can all be proud of.","image":{"uid":"blt9403bdc556379251","created_at":"2020-12-09T05:55:15.683Z","updated_at":"2020-12-09T05:55:15.683Z","created_by":"bltf01cfddcefa2394d","updated_by":"bltf01cfddcefa2394d","content_type":"image/jpeg","file_size":"37861","tags":[],"filename":"career.jpg","url":"https://images.contentstack.io/v3/assets/blt7db50cd7978895ca/blt9403bdc556379251/5fd066c33cac1a0b1bb73921/career.jpg","ACL":[],"is_dir":false,"_version":1,"title":"about.PNG","description":"","publish_details":[{"environment":"bltf6c0a7a81a1aa7b8","locale":"en-us","time":"2020-12-09T05:55:17.084Z","user":"bltf01cfddcefa2394d","version":1},{"environment":"bltbf6778af33222a17","locale":"en-us","time":"2020-12-09T05:55:17.084Z","user":"bltf01cfddcefa2394d","version":1}]},"cta":{"title":"","href":"#"}},{"title":"News","_metadata":{"uid":"cs2cff46bd98bf327e"},"description":"We listen to our clients and develop a customized Website and Software/Application that will enhance your overall corporate image Buisness.","image":{"uid":"blt6b7cbba6d918ed98","created_at":"2020-12-09T05:55:17.696Z","updated_at":"2020-12-09T05:55:17.696Z","created_by":"bltf01cfddcefa2394d","updated_by":"bltf01cfddcefa2394d","content_type":"image/jpeg","file_size":"7027","tags":[],"filename":"news.jpeg","url":"https://images.contentstack.io/v3/assets/blt7db50cd7978895ca/blt6b7cbba6d918ed98/5fd066c55fa8a51a6fb5bdbd/news.jpeg","ACL":[],"is_dir":false,"parent_uid":null,"_version":1,"title":"about.PNG","description":"","publish_details":[{"environment":"bltf6c0a7a81a1aa7b8","locale":"en-us","time":"2020-12-09T05:55:20.631Z","user":"bltf01cfddcefa2394d","version":1},{"environment":"bltbf6778af33222a17","locale":"en-us","time":"2020-12-09T05:55:20.631Z","user":"bltf01cfddcefa2394d","version":1}]},"cta":{"title":"","href":"#"}},{"title":"Partner Network","_metadata":{"uid":"cs2bf8ac5b72bcf316"},"description":"Partnership Program is designed to help businesses take advantage of our technical excellence and multi-year domain\\nexpertise.","image":{"uid":"blta62f48f73cc8945b","created_at":"2020-12-09T05:54:54.163Z","updated_at":"2020-12-09T05:54:54.163Z","created_by":"bltf01cfddcefa2394d","updated_by":"bltf01cfddcefa2394d","content_type":"image/jpeg","file_size":"70875","tags":[],"filename":"partner_network.jpg","url":"https://images.contentstack.io/v3/assets/blt7db50cd7978895ca/blta62f48f73cc8945b/5fd066ae2600d41061073174/partner_network.jpg","ACL":[],"is_dir":false,"parent_uid":null,"_version":1,"title":"partner_network.jpg","publish_details":[{"environment":"bltf6c0a7a81a1aa7b8","locale":"en-us","time":"2020-12-09T05:54:55.077Z","user":"bltf01cfddcefa2394d","version":1},{"environment":"bltbf6778af33222a17","locale":"en-us","time":"2020-12-09T05:54:55.077Z","user":"bltf01cfddcefa2394d","version":1}]},"cta":{"title":"","href":"#"}},{"title":"Blog","_metadata":{"uid":"cs9653c1f9665b52cf"},"description":"We specialize in everything 'digital' – from Website designing, Logo designing to Content Management System,Copy Writing, Custom Software Development, SEO, e-commerce sites and many more.","image":{"uid":"blt1f41d3b24b97494f","created_at":"2020-12-09T05:55:00.604Z","updated_at":"2020-12-09T05:55:00.604Z","created_by":"bltf01cfddcefa2394d","updated_by":"bltf01cfddcefa2394d","content_type":"image/png","file_size":"64021","tags":[],"filename":"blogs.png","url":"https://images.contentstack.io/v3/assets/blt7db50cd7978895ca/blt1f41d3b24b97494f/5fd066b428ec7250b20cf4af/blogs.png","ACL":[],"is_dir":false,"parent_uid":null,"_version":1,"title":"blogs.png","publish_details":[{"environment":"bltf6c0a7a81a1aa7b8","locale":"en-us","time":"2020-12-09T05:55:00.410Z","user":"bltf01cfddcefa2394d","version":1},{"environment":"bltbf6778af33222a17","locale":"en-us","time":"2020-12-09T05:55:00.410Z","user":"bltf01cfddcefa2394d","version":1}]},"cta":{"title":"Visit Now","href":"/blog"}}]},"tags":[],"locale":"en-us","ACL":{},"seo":{"meta_description":"This is an About page for nextjs sample apps","meta_keywords":"about","meta_title":"About Page"},"uid":"blt88dce24f354cd398","created_by":"bltf01cfddcefa2394d","updated_by":"bltf01cfddcefa2394d","created_at":"2020-12-09T05:55:42.765Z","updated_at":"2020-12-10T04:52:40.949Z","_version":2,"_in_progress":false,"publish_details":[{"environment":"bltf6c0a7a81a1aa7b8","locale":"en-us","time":"2020-12-10T04:52:44.909Z","user":"bltf01cfddcefa2394d","version":2},{"environment":"bltbf6778af33222a17","locale":"en-us","time":"2020-12-10T04:52:44.909Z","user":"bltf01cfddcefa2394d","version":2}]}}