[{"uid":"blt5b8f34e6ef5b2dfb","content_type":"image/jpeg","file_size":"341212","tags":[],"filename":"eugenio-mazzone.jpg","url":"https://images.contentstack.io/v3/assets/blt7db50cd7978895ca/blt5b8f34e6ef5b2dfb/5fd066a8d469e74bb1591276/eugenio-mazzone.jpg","ACL":{},"is_dir":false,"_version":1,"title":"eugenio-mazzone-6ywyo2qtaZ8-unsplash.jpg","description":"","publish_details":[{"environment":"bltbf6778af33222a17","locale":"en-us","time":"2020-12-09T05:54:49.662Z","user":"bltf01cfddcefa2394d","version":1}]}]