{"blt0641e0746005e578":{"title":"Contact","url":"/contact","contact_details":{"address":"8th Floor, New Viva College, New, Viva College Rd, opposite DMart, Vartak Ward, Virar West, Virar, 401303","phone":2506455391,"email":"contact@raweng.com"},"tags":[],"locale":"en-us","ACL":{},"seo":{"meta_description":"This is a contact page  for the nextjs sample apps","meta_keywords":"contact","meta_title":"Contact Page"},"uid":"blt0641e0746005e578","created_by":"bltf01cfddcefa2394d","updated_by":"bltf01cfddcefa2394d","created_at":"2020-12-09T05:55:44.515Z","updated_at":"2020-12-09T05:55:44.515Z","_version":1,"_in_progress":false,"publish_details":[{"environment":"bltf6c0a7a81a1aa7b8","locale":"en-us","time":"2020-12-09T05:55:46.372Z","user":"bltf01cfddcefa2394d","version":1},{"environment":"bltbf6778af33222a17","locale":"en-us","time":"2020-12-09T05:55:46.372Z","user":"bltf01cfddcefa2394d","version":1}]}}