{"bltab9897f352f25917":{"title":"Arja Stern","author_description":"","profile":{"uid":"blt7ccfea3c00934a06","created_at":"2020-12-09T06:21:12.270Z","updated_at":"2020-12-09T06:21:12.270Z","created_by":"bltf01cfddcefa2394d","updated_by":"bltf01cfddcefa2394d","content_type":"image/jpeg","file_size":"22898","tags":[],"filename":"Avatar_6.jpg","url":"https://images.contentstack.io/v3/assets/blt7db50cd7978895ca/blt7ccfea3c00934a06/5fd06cd8e5f85744d50f2894/Avatar_6.jpg","ACL":[],"is_dir":false,"_version":1,"title":"Avatar_6.jpg","publish_details":[{"environment":"bltbf6778af33222a17","locale":"en-us","time":"2020-12-09T06:23:38.640Z","user":"bltf01cfddcefa2394d","version":1},{"environment":"bltf6c0a7a81a1aa7b8","locale":"en-us","time":"2020-12-09T06:23:38.640Z","user":"bltf01cfddcefa2394d","version":1}]},"tags":[],"locale":"en-us","uid":"bltab9897f352f25917","created_by":"bltf01cfddcefa2394d","updated_by":"bltf01cfddcefa2394d","created_at":"2020-12-09T06:22:52.362Z","updated_at":"2020-12-09T06:22:52.362Z","ACL":{},"_version":1,"_in_progress":false,"publish_details":[{"environment":"bltbf6778af33222a17","locale":"en-us","time":"2020-12-09T06:23:38.675Z","user":"bltf01cfddcefa2394d","version":1},{"environment":"bltf6c0a7a81a1aa7b8","locale":"en-us","time":"2020-12-09T06:23:38.675Z","user":"bltf01cfddcefa2394d","version":1}]},"blt76d09750d89ed945":{"title":"Jakob Isaksen","author_description":"","profile":{"uid":"blt16c9bef6caa0f21e","created_at":"2020-12-09T06:19:35.526Z","updated_at":"2020-12-09T06:19:35.526Z","created_by":"bltf01cfddcefa2394d","updated_by":"bltf01cfddcefa2394d","content_type":"image/jpeg","file_size":"16383","tags":[],"filename":"avatar_3.jpg","url":"https://images.contentstack.io/v3/assets/blt7db50cd7978895ca/blt16c9bef6caa0f21e/5fd06c7769cce544cffa4e50/avatar_3.jpg","ACL":[],"is_dir":false,"_version":1,"title":"avatar_3.jpg","publish_details":[{"environment":"bltbf6778af33222a17","locale":"en-us","time":"2020-12-09T06:23:38.649Z","user":"bltf01cfddcefa2394d","version":1},{"environment":"bltf6c0a7a81a1aa7b8","locale":"en-us","time":"2020-12-09T06:23:38.649Z","user":"bltf01cfddcefa2394d","version":1}]},"tags":[],"locale":"en-us","uid":"blt76d09750d89ed945","created_by":"bltf01cfddcefa2394d","updated_by":"bltf01cfddcefa2394d","created_at":"2020-12-09T06:21:57.697Z","updated_at":"2020-12-09T06:21:57.697Z","ACL":{},"_version":1,"_in_progress":false,"publish_details":[{"environment":"bltbf6778af33222a17","locale":"en-us","time":"2020-12-09T06:23:38.682Z","user":"bltf01cfddcefa2394d","version":1},{"environment":"bltf6c0a7a81a1aa7b8","locale":"en-us","time":"2020-12-09T06:23:38.682Z","user":"bltf01cfddcefa2394d","version":1}]},"blt8ba71f58f2021c1f":{"title":"Sevinj Beumers","author_description":"","profile":{"uid":"blt7ccfea3c00934a06","created_at":"2020-12-09T06:21:12.270Z","updated_at":"2020-12-09T06:21:12.270Z","created_by":"bltf01cfddcefa2394d","updated_by":"bltf01cfddcefa2394d","content_type":"image/jpeg","file_size":"22898","tags":[],"filename":"Avatar_6.jpg","url":"https://images.contentstack.io/v3/assets/blt7db50cd7978895ca/blt7ccfea3c00934a06/5fd06cd8e5f85744d50f2894/Avatar_6.jpg","ACL":[],"is_dir":false,"_version":1,"title":"Avatar_6.jpg","publish_details":[{"environment":"bltbf6778af33222a17","locale":"en-us","time":"2020-12-09T06:23:38.640Z","user":"bltf01cfddcefa2394d","version":1},{"environment":"bltf6c0a7a81a1aa7b8","locale":"en-us","time":"2020-12-09T06:23:38.640Z","user":"bltf01cfddcefa2394d","version":1}]},"tags":[],"locale":"en-us","uid":"blt8ba71f58f2021c1f","created_by":"bltf01cfddcefa2394d","updated_by":"bltf01cfddcefa2394d","created_at":"2020-12-09T06:21:30.815Z","updated_at":"2020-12-09T06:21:30.815Z","ACL":{},"_version":1,"_in_progress":false,"publish_details":[{"environment":"bltbf6778af33222a17","locale":"en-us","time":"2020-12-09T06:23:38.690Z","user":"bltf01cfddcefa2394d","version":1},{"environment":"bltf6c0a7a81a1aa7b8","locale":"en-us","time":"2020-12-09T06:23:38.690Z","user":"bltf01cfddcefa2394d","version":1}]},"bltcb01650eebbfc225":{"title":"Emelrich Antonino","author_description":"","profile":{"uid":"blt437ddbc138e5981b","created_at":"2020-12-09T06:20:18.549Z","updated_at":"2020-12-09T06:20:18.549Z","created_by":"bltf01cfddcefa2394d","updated_by":"bltf01cfddcefa2394d","content_type":"image/png","file_size":"69324","tags":[],"filename":"avatar_5.png","url":"https://images.contentstack.io/v3/assets/blt7db50cd7978895ca/blt437ddbc138e5981b/5fd06ca259bd313bf831221a/avatar_5.png","ACL":[],"is_dir":false,"_version":1,"title":"avatar_5.png","publish_details":[{"environment":"bltbf6778af33222a17","locale":"en-us","time":"2020-12-09T06:23:38.656Z","user":"bltf01cfddcefa2394d","version":1},{"environment":"bltf6c0a7a81a1aa7b8","locale":"en-us","time":"2020-12-09T06:23:38.657Z","user":"bltf01cfddcefa2394d","version":1}]},"tags":[],"locale":"en-us","uid":"bltcb01650eebbfc225","created_by":"bltf01cfddcefa2394d","updated_by":"bltf01cfddcefa2394d","created_at":"2020-12-09T06:20:34.479Z","updated_at":"2020-12-09T06:20:34.479Z","ACL":{},"_version":1,"_in_progress":false,"publish_details":[{"environment":"bltbf6778af33222a17","locale":"en-us","time":"2020-12-09T06:23:38.697Z","user":"bltf01cfddcefa2394d","version":1},{"environment":"bltf6c0a7a81a1aa7b8","locale":"en-us","time":"2020-12-09T06:23:38.697Z","user":"bltf01cfddcefa2394d","version":1}]},"blte223340eb720e78d":{"title":"Cathasach Thomas","author_description":"","profile":{"uid":"blt16c9bef6caa0f21e","created_at":"2020-12-09T06:19:35.526Z","updated_at":"2020-12-09T06:19:35.526Z","created_by":"bltf01cfddcefa2394d","updated_by":"bltf01cfddcefa2394d","content_type":"image/jpeg","file_size":"16383","tags":[],"filename":"avatar_3.jpg","url":"https://images.contentstack.io/v3/assets/blt7db50cd7978895ca/blt16c9bef6caa0f21e/5fd06c7769cce544cffa4e50/avatar_3.jpg","ACL":[],"is_dir":false,"_version":1,"title":"avatar_3.jpg","publish_details":[{"environment":"bltbf6778af33222a17","locale":"en-us","time":"2020-12-09T06:23:38.649Z","user":"bltf01cfddcefa2394d","version":1},{"environment":"bltf6c0a7a81a1aa7b8","locale":"en-us","time":"2020-12-09T06:23:38.649Z","user":"bltf01cfddcefa2394d","version":1}]},"tags":[],"locale":"en-us","uid":"blte223340eb720e78d","created_by":"bltf01cfddcefa2394d","updated_by":"bltf01cfddcefa2394d","created_at":"2020-12-09T06:19:51.067Z","updated_at":"2020-12-09T06:19:51.067Z","ACL":{},"_version":1,"_in_progress":false,"publish_details":[{"environment":"bltbf6778af33222a17","locale":"en-us","time":"2020-12-09T06:23:38.706Z","user":"bltf01cfddcefa2394d","version":1},{"environment":"bltf6c0a7a81a1aa7b8","locale":"en-us","time":"2020-12-09T06:23:38.706Z","user":"bltf01cfddcefa2394d","version":1}]},"bltd028f3b2f2dbd5a5":{"title":"Eva Arias","author_description":"","profile":{"uid":"blt331680b85f9f9021","created_at":"2020-12-09T06:19:11.329Z","updated_at":"2020-12-09T06:19:11.329Z","created_by":"bltf01cfddcefa2394d","updated_by":"bltf01cfddcefa2394d","content_type":"image/png","file_size":"5607","tags":[],"filename":"avatar_4.png","url":"https://images.contentstack.io/v3/assets/blt7db50cd7978895ca/blt331680b85f9f9021/5fd06c5f50460c30dd53f9f9/avatar_4.png","ACL":[],"is_dir":false,"_version":1,"title":"avatar_4.png","publish_details":[{"environment":"bltbf6778af33222a17","locale":"en-us","time":"2020-12-09T06:23:38.666Z","user":"bltf01cfddcefa2394d","version":1},{"environment":"bltf6c0a7a81a1aa7b8","locale":"en-us","time":"2020-12-09T06:23:38.666Z","user":"bltf01cfddcefa2394d","version":1}]},"tags":[],"locale":"en-us","uid":"bltd028f3b2f2dbd5a5","created_by":"bltf01cfddcefa2394d","updated_by":"bltf01cfddcefa2394d","created_at":"2020-12-09T06:19:00.902Z","updated_at":"2020-12-09T06:19:00.902Z","ACL":{},"_version":1,"_in_progress":false,"publish_details":[{"environment":"bltbf6778af33222a17","locale":"en-us","time":"2020-12-09T06:23:38.714Z","user":"bltf01cfddcefa2394d","version":1},{"environment":"bltf6c0a7a81a1aa7b8","locale":"en-us","time":"2020-12-09T06:23:38.714Z","user":"bltf01cfddcefa2394d","version":1}]}}