[{"uid":"blt84de960f72746ee2","content_type":"image/jpeg","file_size":"119696","tags":[],"filename":"food-blog-banner.jpg","url":"https://images.contentstack.io/v3/assets/blt7db50cd7978895ca/blt84de960f72746ee2/5fd066bf37b70c20091d8151/food-blog-banner.jpg","ACL":{},"is_dir":false,"parent_uid":null,"_version":1,"title":"food_blog.jpg","description":"","publish_details":[{"environment":"bltf6c0a7a81a1aa7b8","locale":"en-us","time":"2020-12-09T05:55:14.617Z","user":"bltf01cfddcefa2394d","version":1},{"environment":"bltbf6778af33222a17","locale":"en-us","time":"2020-12-09T05:55:14.617Z","user":"bltf01cfddcefa2394d","version":1}]}]