[{"uid":"bltb5874e8400627c7b","content_type":"image/png","file_size":"78256","tags":[],"filename":"gaming-blog-post.png","url":"https://images.contentstack.io/v3/assets/blt7db50cd7978895ca/bltb5874e8400627c7b/5fd0669a1a1256157b29773f/gaming-blog-post.png","ACL":{},"is_dir":false,"parent_uid":null,"_version":1,"title":"gaming.jpg","description":"","publish_details":[{"environment":"bltf6c0a7a81a1aa7b8","locale":"en-us","time":"2020-12-09T05:54:36.531Z","user":"bltf01cfddcefa2394d","version":1},{"environment":"bltbf6778af33222a17","locale":"en-us","time":"2020-12-09T05:54:36.531Z","user":"bltf01cfddcefa2394d","version":1}]}]