[{"uid":"blt6ccff5572dfaf168","content_type":"image/jpeg","file_size":"250265","tags":[],"filename":"travel-blog-2.jpg","url":"https://images.contentstack.io/v3/assets/blt7db50cd7978895ca/blt6ccff5572dfaf168/5fd066b88c64fb17f1914693/travel-blog-2.jpg","ACL":{},"is_dir":false,"_version":1,"title":"travel_blog_carousel_2.jpg","description":"","publish_details":[{"environment":"bltf6c0a7a81a1aa7b8","locale":"en-us","time":"2020-12-09T05:55:06.659Z","user":"bltf01cfddcefa2394d","version":1},{"environment":"bltbf6778af33222a17","locale":"en-us","time":"2020-12-09T05:55:06.659Z","user":"bltf01cfddcefa2394d","version":1}]}]