[{"uid":"blt331680b85f9f9021","content_type":"image/png","file_size":"5607","tags":[],"filename":"avatar_4.png","url":"https://images.contentstack.io/v3/assets/blt7db50cd7978895ca/blt331680b85f9f9021/5fd06c5f50460c30dd53f9f9/avatar_4.png","ACL":{},"is_dir":false,"_version":1,"title":"avatar_4.png","publish_details":[{"environment":"bltbf6778af33222a17","locale":"en-us","time":"2020-12-09T06:23:38.666Z","user":"bltf01cfddcefa2394d","version":1},{"environment":"bltf6c0a7a81a1aa7b8","locale":"en-us","time":"2020-12-09T06:23:38.666Z","user":"bltf01cfddcefa2394d","version":1}]}]