{"blt40ea5ca4c37eb024":{"title":"Home","url":"/","hero_banner":[{"title":"Software  Developer","_metadata":{"uid":"cseca52c97e8647908"},"description":"We-provide-a-brand-new-Static-and-Dynamic-Website-Design-and-Development-and-also-all-have-our-own-techniques.","image":{"uid":"bltde5f225006d3b772","created_at":"2020-12-09T05:54:53.485Z","updated_at":"2020-12-09T05:54:53.485Z","created_by":"bltf01cfddcefa2394d","updated_by":"bltf01cfddcefa2394d","content_type":"image/jpeg","file_size":"42791","tags":[],"filename":"home_banner.jpg","url":"https://images.contentstack.io/v3/assets/blt7db50cd7978895ca/bltde5f225006d3b772/5fd066ad73616351fa996226/home_banner.jpg","ACL":[],"is_dir":false,"_version":1,"title":"home_banner.jpg","publish_details":[{"environment":"bltf6c0a7a81a1aa7b8","locale":"en-us","time":"2020-12-09T05:54:55.084Z","user":"bltf01cfddcefa2394d","version":1},{"environment":"bltbf6778af33222a17","locale":"en-us","time":"2020-12-09T05:54:55.084Z","user":"bltf01cfddcefa2394d","version":1}]},"cta":[]}],"tags":[],"locale":"en-us","ACL":{},"portfolio_section":{"description":"Helping our clients to build a successful business on web and mobile.","heading":[{"title":"Web Development","description":"We provide Static and Dynamic Website Development in PHP4, PHP5 using MySql. We also provide a Content Management System(CMS).","fontawesome_icon":"fa fa-desktop","_metadata":{"uid":"cs3ab102fa21845c0c"}},{"title":"App Design","description":"We listen to our clients and develop a customized Website and Application that will enhance your overall corporate image Business.","fontawesome_icon":"fa fa-cogs","_metadata":{"uid":"cse7746f65c49ecc1d"}},{"title":"Web Design","description":"We specialize in everything 'digital' – from Website designing, Logo designing to Content Management System, Copy Writing, Custom Software Development, SEO, e-commerce sites, and many more.","fontawesome_icon":"fa fa-paint-brush","_metadata":{"uid":"cs233222adada29602"}},{"title":"Marketing","description":"We provide Custom Softwares,  Private Institutes, Hospitals, Schools Offices are using our software.","fontawesome_icon":"fa fa-line-chart","_metadata":{"uid":"cs8ce4a6a29daa8ed7"}}],"title":"Portfolio"},"seo":{"meta_description":"This is a landing page for nextjs sample apps","meta_keywords":"home","meta_title":"Home"},"uid":"blt40ea5ca4c37eb024","created_by":"bltf01cfddcefa2394d","updated_by":"bltf01cfddcefa2394d","created_at":"2020-12-09T05:55:36.903Z","updated_at":"2020-12-09T05:55:36.903Z","_version":1,"_in_progress":false,"publish_details":[{"environment":"bltf6c0a7a81a1aa7b8","locale":"en-us","time":"2020-12-09T05:55:43.510Z","user":"bltf01cfddcefa2394d","version":1},{"environment":"bltbf6778af33222a17","locale":"en-us","time":"2020-12-09T05:55:43.510Z","user":"bltf01cfddcefa2394d","version":1}]}}