{"bltb5c34af36cfbcb1d":{"title":"Sports Blog","url":"/blog/sports-blog","seo":{"meta_title":"Sports Blog","meta_description":"This blog is for sport-related articles.","meta_keywords":"sports"},"hero_banner":{"banner_title":"Sports","banner_image":{"uid":"bltd41d04c389c8324c","created_at":"2020-12-09T05:54:35.148Z","updated_at":"2020-12-09T05:54:35.148Z","created_by":"bltf01cfddcefa2394d","updated_by":"bltf01cfddcefa2394d","content_type":"image/jpeg","file_size":"42053","tags":[],"filename":"sports-blog-post.jpg","url":"https://images.contentstack.io/v3/assets/blt7db50cd7978895ca/bltd41d04c389c8324c/5fd0669bc4ba3310c795986a/sports-blog-post.jpg","ACL":[],"is_dir":false,"_version":1,"title":"sports.jpg","description":"","publish_details":[{"environment":"bltf6c0a7a81a1aa7b8","locale":"en-us","time":"2020-12-09T05:54:37.199Z","user":"bltf01cfddcefa2394d","version":1},{"environment":"bltbf6778af33222a17","locale":"en-us","time":"2020-12-09T05:54:37.199Z","user":"bltf01cfddcefa2394d","version":1}]}},"blog_body":[{"rich_text_editor":{"rich_text":"<p>Lorem ipsum dolor sit amet, consectetur adipiscing elit, sed do eiusmod tempor incididunt ut labore et dolore magna aliqua. Non consectetur a erat nam. Placerat duis ultricies lacus sed turpis tincidunt. Ullamcorper sit amet risus nullam eget felis eget. Congue mauris rhoncus aenean vel elit scelerisque mauris. Ullamcorper sit amet risus nullam eget felis eget nunc. Sed odio morbi quis commodo odio aenean sed adipiscing. Lectus quam id leo in vitae turpis massa sed elementum. Semper risus in hendrerit gravida rutrum quisque non tellus. Tellus orci ac auctor augue mauris augue. Est pellentesque elit ullamcorper dignissim cras. Ultrices mi tempus imperdiet nulla malesuada pellentesque elit eget. Sed turpis tincidunt id aliquet risus feugiat in ante metus. Feugiat sed lectus vestibulum mattis ullamcorper velit sed. Vel fringilla est ullamcorper eget nulla facilisi etiam. Lectus urna duis convallis convallis tellus id interdum velit. Vestibulum sed arcu non odio euismod. Faucibus et molestie ac feugiat sed lectus vestibulum. Massa enim nec dui nunc mattis enim ut. Lectus vestibulum mattis ullamcorper velit sed.</p>\n<p>Purus in mollis nunc sed id semper risus. Aliquam purus sit amet luctus. Nullam eget felis eget nunc lobortis mattis aliquam faucibus purus. Et tortor consequat id porta nibh venenatis. Nunc faucibus a pellentesque sit amet porttitor. Sed odio morbi quis commodo odio aenean. Nibh praesent tristique magna sit amet purus gravida quis blandit. Mauris rhoncus aenean vel elit scelerisque mauris pellentesque pulvinar pellentesque. At auctor urna nunc id. Etiam non quam lacus suspendisse faucibus interdum posuere lorem. Erat nam at lectus urna duis convallis convallis. Sodales ut eu sem integer vitae justo. Pulvinar mattis nunc sed blandit libero volutpat sed cras ornare. Feugiat nibh sed pulvinar proin gravida hendrerit. Quam pellentesque nec nam aliquam sem et tortor consequat. Quisque id diam vel quam elementum. Tellus cras adipiscing enim eu turpis egestas pretium aenean pharetra. Faucibus a pellentesque sit amet porttitor eget dolor morbi. At urna condimentum mattis pellentesque.</p>","_metadata":{"uid":"csf0718320275db1ef"}}},{"quotes":{"quote":"<img class=\"quoteIcon\" src=\"https://img.icons8.com/dusk/64/000000/quote-left.png\" data-image=\"53dbk42n38l3\">\n<p>Gold medals aren't really made of gold. They're made of sweat, determination, and a hard-to-find alloy called guts.</p>\n<p><strong>Dan Gable</strong></p>","_metadata":{"uid":"cs5fff34b99a0c4daa"}}},{"rich_text_editor":{"rich_text":"<p>Dignissim diam quis enim lobortis. Ultrices neque ornare aenean euismod elementum nisi. Quis lectus nulla at volutpat diam ut venenatis. Pellentesque pulvinar pellentesque habitant morbi tristique senectus et. Turpis in eu mi bibendum neque egestas congue. Dolor sit amet consectetur adipiscing elit ut. Facilisis sed odio morbi quis. Pellentesque dignissim enim sit amet venenatis urna cursus. Congue nisi vitae suscipit tellus mauris a diam maecenas sed. Id nibh tortor id aliquet lectus proin nibh. Consectetur libero id faucibus nisl. Dui faucibus in ornare quam viverra orci. Convallis posuere morbi leo urna molestie. Amet consectetur adipiscing elit pellentesque habitant morbi tristique.</p>\n<p>Nunc eget lorem dolor sed viverra ipsum. Lorem ipsum dolor sit amet consectetur adipiscing. Cursus sit amet dictum sit amet justo donec enim diam. Urna molestie at elementum eu facilisis. Enim facilisis gravida neque convallis a cras semper. Gravida rutrum quisque non tellus orci ac auctor. Sit amet nulla facilisi morbi tempus iaculis. Pretium quam vulputate dignissim suspendisse in est ante in nibh. Pellentesque dignissim enim sit amet venenatis urna cursus eget. Sollicitudin ac orci phasellus egestas tellus.<br></p>\n<p>Quisque id diam vel quam elementum pulvinar etiam non. Nullam eget felis eget nunc. Justo laoreet sit amet cursus. Amet consectetur adipiscing elit ut aliquam purus sit amet luctus. Aliquam faucibus purus in massa tempor nec feugiat nisl. Viverra orci sagittis eu volutpat odio facilisis mauris. Turpis massa tincidunt dui ut ornare. Ipsum dolor sit amet consectetur adipiscing elit ut. Felis eget nunc lobortis mattis aliquam faucibus. Aliquet enim tortor at auctor urna nunc. Varius morbi enim nunc faucibus a. Auctor augue mauris augue neque gravida in. Ut enim blandit volutpat maecenas volutpat. Amet risus nullam eget felis eget nunc lobortis. Et ligula ullamcorper malesuada proin. Facilisi cras fermentum odio eu feugiat pretium nibh ipsum consequat.</p>","_metadata":{"uid":"cs604b723e360343a9"}}}],"tags":[],"locale":"en-us","ACL":{},"uid":"bltb5c34af36cfbcb1d","created_by":"bltf01cfddcefa2394d","updated_by":"bltf01cfddcefa2394d","created_at":"2020-12-09T05:55:47.711Z","updated_at":"2020-12-10T05:42:25.654Z","_version":8,"_in_progress":false,"author":[{"uid":"blt8ba71f58f2021c1f","_content_type_uid":"author"}],"publish_date":"2020-12-08","publish_details":[{"environment":"bltf6c0a7a81a1aa7b8","locale":"en-us","time":"2020-12-10T05:54:15.663Z","user":"bltf01cfddcefa2394d","version":8},{"environment":"bltbf6778af33222a17","locale":"en-us","time":"2020-12-10T05:54:15.663Z","user":"bltf01cfddcefa2394d","version":8}]},"blt7722917c9ca09515":{"title":"Gaming Blog","url":"/blog/gaming-blog","seo":{"meta_title":"Gaming Blogs","meta_description":"This blog contains info related to the latest gaming post","meta_keywords":"Game"},"hero_banner":{"banner_title":"Gamesters","banner_image":{"uid":"bltb5874e8400627c7b","created_at":"2020-12-09T05:54:34.731Z","updated_at":"2020-12-09T05:54:34.731Z","created_by":"bltf01cfddcefa2394d","updated_by":"bltf01cfddcefa2394d","content_type":"image/png","file_size":"78256","tags":[],"filename":"gaming-blog-post.png","url":"https://images.contentstack.io/v3/assets/blt7db50cd7978895ca/bltb5874e8400627c7b/5fd0669a1a1256157b29773f/gaming-blog-post.png","ACL":[],"is_dir":false,"parent_uid":null,"_version":1,"title":"gaming.jpg","description":"","publish_details":[{"environment":"bltf6c0a7a81a1aa7b8","locale":"en-us","time":"2020-12-09T05:54:36.531Z","user":"bltf01cfddcefa2394d","version":1},{"environment":"bltbf6778af33222a17","locale":"en-us","time":"2020-12-09T05:54:36.531Z","user":"bltf01cfddcefa2394d","version":1}]}},"blog_body":[{"rich_text_editor":{"rich_text":"<p>Lorem ipsum dolor sit amet, consectetur adipiscing elit, sed do eiusmod tempor incididunt ut labore et dolore magna aliqua. Velit laoreet id donec ultrices tincidunt arcu non sodales. Dictum fusce ut placerat orci. Sed tempus urna et pharetra pharetra. Porta nibh venenatis cras sed felis eget velit aliquet sagittis. Eu consequat ac felis donec et odio pellentesque. Facilisi nullam vehicula ipsum a arcu cursus vitae. Viverra suspendisse potenti nullam ac. Venenatis lectus magna fringilla urna porttitor rhoncus dolor purus non. Et odio pellentesque diam volutpat commodo sed egestas egestas. Diam vel quam elementum pulvinar etiam non quam.</p>","_metadata":{"uid":"cs3e74483615231d80"}}},{"image_carousel":{"images":[{"link":[{"title":"Purchase","href":"#"},{"title":"Free Demo","href":"#"}],"_metadata":{"uid":"cs4c9501b7c32a8a6c"},"image":{"uid":"blt6d3c9d2a54f44dac","created_at":"2020-12-09T05:54:13.402Z","updated_at":"2020-12-09T05:54:13.402Z","created_by":"bltf01cfddcefa2394d","updated_by":"bltf01cfddcefa2394d","content_type":"image/jpeg","file_size":"51058","tags":[],"filename":"game_carousel_1.jpg","url":"https://images.contentstack.io/v3/assets/blt7db50cd7978895ca/blt6d3c9d2a54f44dac/5fd06685c934471d04a3c938/game_carousel_1.jpg","ACL":[],"is_dir":false,"parent_uid":null,"_version":1,"title":"game_carousel_1.jpg","publish_details":[{"environment":"bltf6c0a7a81a1aa7b8","locale":"en-us","time":"2020-12-09T05:54:15.708Z","user":"bltf01cfddcefa2394d","version":1},{"environment":"bltbf6778af33222a17","locale":"en-us","time":"2020-12-09T05:54:15.708Z","user":"bltf01cfddcefa2394d","version":1}]}},{"link":[{"title":"Purchase","href":"#"},{"title":"Free Demo","href":"#"}],"_metadata":{"uid":"cs6a42e23d4bcf9bde"},"image":{"uid":"bltcb65028a1e5df31d","created_at":"2020-12-09T05:55:25.031Z","updated_at":"2020-12-09T05:55:25.031Z","created_by":"bltf01cfddcefa2394d","updated_by":"bltf01cfddcefa2394d","content_type":"image/jpeg","file_size":"48852","tags":[],"filename":"game_carousel_2.jpg","url":"https://images.contentstack.io/v3/assets/blt7db50cd7978895ca/bltcb65028a1e5df31d/5fd066cd97f265271b47c52c/game_carousel_2.jpg","ACL":[],"is_dir":false,"parent_uid":null,"_version":1,"title":"game_carousel_2.jpg","publish_details":[{"environment":"bltf6c0a7a81a1aa7b8","locale":"en-us","time":"2020-12-09T05:55:27.200Z","user":"bltf01cfddcefa2394d","version":1},{"environment":"bltbf6778af33222a17","locale":"en-us","time":"2020-12-09T05:55:27.200Z","user":"bltf01cfddcefa2394d","version":1}]}},{"link":[{"title":"Purchase","href":"#"},{"title":"Free Demo","href":"#"}],"_metadata":{"uid":"cs8edecf0765317c20"},"image":{"uid":"blt611196299cf3075d","created_at":"2020-12-09T05:55:26.307Z","updated_at":"2020-12-09T05:55:26.307Z","created_by":"bltf01cfddcefa2394d","updated_by":"bltf01cfddcefa2394d","content_type":"image/jpeg","file_size":"42119","tags":[],"filename":"game_carousel_3.jpg","url":"https://images.contentstack.io/v3/assets/blt7db50cd7978895ca/blt611196299cf3075d/5fd066ceee9622065668899c/game_carousel_3.jpg","ACL":[],"is_dir":false,"parent_uid":null,"_version":1,"title":"game_carousel_3.jpg","publish_details":[{"environment":"bltf6c0a7a81a1aa7b8","locale":"en-us","time":"2020-12-09T05:55:27.164Z","user":"bltf01cfddcefa2394d","version":1},{"environment":"bltbf6778af33222a17","locale":"en-us","time":"2020-12-09T05:55:27.164Z","user":"bltf01cfddcefa2394d","version":1}]}},{"link":[{"title":"Purchase","href":"#"},{"title":"Free Demo","href":"#"}],"_metadata":{"uid":"csb5e32261c7649635"},"image":{"uid":"blta864e3ec69406eac","created_at":"2020-12-09T05:54:13.902Z","updated_at":"2020-12-09T05:54:13.902Z","created_by":"bltf01cfddcefa2394d","updated_by":"bltf01cfddcefa2394d","content_type":"image/jpeg","file_size":"64888","tags":[],"filename":"game_carousel_4.jpg","url":"https://images.contentstack.io/v3/assets/blt7db50cd7978895ca/blta864e3ec69406eac/5fd066857f88e904f757be55/game_carousel_4.jpg","ACL":[],"is_dir":false,"_version":1,"title":"game_carousel_4.jpg","publish_details":[{"environment":"bltf6c0a7a81a1aa7b8","locale":"en-us","time":"2020-12-09T05:54:15.719Z","user":"bltf01cfddcefa2394d","version":1},{"environment":"bltbf6778af33222a17","locale":"en-us","time":"2020-12-09T05:54:15.719Z","user":"bltf01cfddcefa2394d","version":1}]}}],"_metadata":{"uid":"cs8048aa175573e5d0"}}},{"rich_text_editor":{"rich_text":"<p>Dignissim diam quis enim lobortis. Ultrices neque ornare aenean euismod elementum nisi. Quis lectus nulla at volutpat diam ut venenatis. Pellentesque pulvinar pellentesque habitant morbi tristique senectus et. Turpis in eu mi bibendum neque egestas congue. Dolor sit amet consectetur adipiscing elit ut. Facilisis sed odio morbi quis. Pellentesque dignissim enim sit amet venenatis urna cursus. Congue nisi vitae suscipit tellus mauris a diam maecenas sed. Id nibh tortor id aliquet lectus proin nibh. Consectetur libero id faucibus nisl. Dui faucibus in ornare quam viverra orci. Convallis posuere morbi leo urna molestie. Amet consectetur adipiscing elit pellentesque habitant morbi tristique.</p>\n<p>Nunc eget lorem dolor sed viverra ipsum. Lorem ipsum dolor sit amet consectetur adipiscing. Cursus sit amet dictum sit amet justo donec enim diam. Urna molestie at elementum eu facilisis. Enim facilisis gravida neque convallis a cras semper. Gravida rutrum quisque non tellus orci ac auctor. Sit amet nulla facilisi morbi tempus iaculis. Pretium quam vulputate dignissim suspendisse in est ante in nibh. Pellentesque dignissim enim sit amet venenatis urna cursus eget. Sollicitudin ac orci phasellus egestas tellus.<br></p>\n<p>Quisque id diam vel quam elementum pulvinar etiam non. Nullam eget felis eget nunc. Justo laoreet sit amet cursus. Amet consectetur adipiscing elit ut aliquam purus sit amet luctus. Aliquam faucibus purus in massa tempor nec feugiat nisl. Viverra orci sagittis eu volutpat odio facilisis mauris. Turpis massa tincidunt dui ut ornare. Ipsum dolor sit amet consectetur adipiscing elit ut. Felis eget nunc lobortis mattis aliquam faucibus. Aliquet enim tortor at auctor urna nunc. Varius morbi enim nunc faucibus a. Auctor augue mauris augue neque gravida in. Ut enim blandit volutpat maecenas volutpat. Amet risus nullam eget felis eget nunc lobortis. Et ligula ullamcorper malesuada proin. Facilisi cras fermentum odio eu feugiat pretium nibh ipsum consequat.</p>","_metadata":{"uid":"cs6edad9fe0f164a5b"}}}],"tags":[],"locale":"en-us","ACL":{},"uid":"blt7722917c9ca09515","created_by":"bltf01cfddcefa2394d","updated_by":"bltf01cfddcefa2394d","created_at":"2020-12-09T05:55:47.470Z","updated_at":"2020-12-10T05:41:41.351Z","_version":7,"_in_progress":false,"author":[{"uid":"blte223340eb720e78d","_content_type_uid":"author"}],"publish_date":"2020-12-08","publish_details":[{"environment":"bltf6c0a7a81a1aa7b8","locale":"en-us","time":"2020-12-10T05:54:15.670Z","user":"bltf01cfddcefa2394d","version":7},{"environment":"bltbf6778af33222a17","locale":"en-us","time":"2020-12-10T05:54:15.670Z","user":"bltf01cfddcefa2394d","version":7}]},"blt9539a93ce71ed97e":{"title":"Travel Blog","url":"/blog/travel-blog","seo":{"meta_title":"Travel Blog","meta_description":"This blog contains info releaded to tourism and traditions around the world","meta_keywords":"travel"},"hero_banner":{"banner_title":"Traveller blog","banner_image":{"uid":"blt2cab7dd74ca156a5","created_at":"2020-12-09T05:55:13.330Z","updated_at":"2020-12-09T05:55:13.330Z","created_by":"bltf01cfddcefa2394d","updated_by":"bltf01cfddcefa2394d","content_type":"image/jpeg","file_size":"39133","tags":[],"filename":"travel-blog-banner.jpg","url":"https://images.contentstack.io/v3/assets/blt7db50cd7978895ca/blt2cab7dd74ca156a5/5fd066c11a1256157b297743/travel-blog-banner.jpg","ACL":[],"is_dir":false,"parent_uid":null,"_version":1,"title":"travel_blog.jpg","description":"","publish_details":[{"environment":"bltf6c0a7a81a1aa7b8","locale":"en-us","time":"2020-12-09T05:55:15.658Z","user":"bltf01cfddcefa2394d","version":1},{"environment":"bltbf6778af33222a17","locale":"en-us","time":"2020-12-09T05:55:15.658Z","user":"bltf01cfddcefa2394d","version":1}]}},"blog_body":[{"rich_text_editor":{"rich_text":"<p>Lorem ipsum dolor sit amet, consectetur adipiscing elit, sed do eiusmod tempor incididunt ut labore et dolore magna aliqua. Non consectetur a erat nam. Placerat duis ultricies lacus sed turpis tincidunt. Ullamcorper sit amet risus nullam eget felis eget. Congue mauris rhoncus aenean vel elit scelerisque mauris. Ullamcorper sit amet risus nullam eget felis eget nunc. Sed odio morbi quis commodo odio aenean sed adipiscing. Lectus quam id leo in vitae turpis massa sed elementum. Semper risus in hendrerit gravida rutrum quisque non tellus. Tellus orci ac auctor augue mauris augue. Est pellentesque elit ullamcorper dignissim cras. Ultrices mi tempus imperdiet nulla malesuada pellentesque elit eget. Sed turpis tincidunt id aliquet risus feugiat in ante metus. Feugiat sed lectus vestibulum mattis ullamcorper velit sed. Vel fringilla est ullamcorper eget nulla facilisi etiam. Lectus urna duis convallis convallis tellus id interdum velit.</p>","_metadata":{"uid":"csc6bfabf501e1699c"}}},{"image_carousel":{"images":[{"link":[{"title":"Visit our webiste","href":"#"}],"_metadata":{"uid":"csb768b49d35095ad6"},"image":{"uid":"blt628b2d70e5685111","created_at":"2020-12-09T05:55:15.975Z","updated_at":"2020-12-09T05:55:15.975Z","created_by":"bltf01cfddcefa2394d","updated_by":"bltf01cfddcefa2394d","content_type":"image/jpeg","file_size":"226049","tags":[],"filename":"travel-blog-1.jpg","url":"https://images.contentstack.io/v3/assets/blt7db50cd7978895ca/blt628b2d70e5685111/5fd066c3410b0320032b7288/travel-blog-1.jpg","ACL":[],"is_dir":false,"_version":1,"title":"travel_blog_carousel_1.jpg","description":"","publish_details":[{"environment":"bltf6c0a7a81a1aa7b8","locale":"en-us","time":"2020-12-09T05:55:18.243Z","user":"bltf01cfddcefa2394d","version":1},{"environment":"bltbf6778af33222a17","locale":"en-us","time":"2020-12-09T05:55:18.243Z","user":"bltf01cfddcefa2394d","version":1}]}},{"link":[{"title":"Visit our webiste","href":"#"}],"_metadata":{"uid":"csdde43475a9b8b47a"},"image":{"uid":"blt6ccff5572dfaf168","created_at":"2020-12-09T05:55:04.818Z","updated_at":"2020-12-09T05:55:04.818Z","created_by":"bltf01cfddcefa2394d","updated_by":"bltf01cfddcefa2394d","content_type":"image/jpeg","file_size":"250265","tags":[],"filename":"travel-blog-2.jpg","url":"https://images.contentstack.io/v3/assets/blt7db50cd7978895ca/blt6ccff5572dfaf168/5fd066b88c64fb17f1914693/travel-blog-2.jpg","ACL":[],"is_dir":false,"_version":1,"title":"travel_blog_carousel_2.jpg","description":"","publish_details":[{"environment":"bltf6c0a7a81a1aa7b8","locale":"en-us","time":"2020-12-09T05:55:06.659Z","user":"bltf01cfddcefa2394d","version":1},{"environment":"bltbf6778af33222a17","locale":"en-us","time":"2020-12-09T05:55:06.659Z","user":"bltf01cfddcefa2394d","version":1}]}},{"link":[{"title":"Visit our webiste","href":"#"}],"_metadata":{"uid":"cs6008a50280870fbd"},"image":{"uid":"blt565497c14fb42b9a","created_at":"2020-12-09T05:55:15.619Z","updated_at":"2020-12-09T05:55:15.619Z","created_by":"bltf01cfddcefa2394d","updated_by":"bltf01cfddcefa2394d","content_type":"image/jpeg","file_size":"57312","tags":[],"filename":"travel-blog-3.jpg","url":"https://images.contentstack.io/v3/assets/blt7db50cd7978895ca/blt565497c14fb42b9a/5fd066c33ccc080a3e1af6de/travel-blog-3.jpg","ACL":[],"is_dir":false,"parent_uid":null,"_version":1,"title":"travel_blog_carousel_3.jpg","description":"","publish_details":[{"environment":"bltf6c0a7a81a1aa7b8","locale":"en-us","time":"2020-12-09T05:55:22.302Z","user":"bltf01cfddcefa2394d","version":1},{"environment":"bltbf6778af33222a17","locale":"en-us","time":"2020-12-09T05:55:22.302Z","user":"bltf01cfddcefa2394d","version":1}]}}],"_metadata":{"uid":"csdd675fe87f481069"}}},{"rich_text_editor":{"rich_text":"<p>Dignissim diam quis enim lobortis. Ultrices neque ornare aenean euismod elementum nisi. Quis lectus nulla at volutpat diam ut venenatis. Pellentesque pulvinar pellentesque habitant morbi tristique senectus et. Turpis in eu mi bibendum neque egestas congue. Dolor sit amet consectetur adipiscing elit ut. Facilisis sed odio morbi quis. Pellentesque dignissim enim sit amet venenatis urna cursus. Congue nisi vitae suscipit tellus mauris a diam maecenas sed. Id nibh tortor id aliquet lectus proin nibh. Consectetur libero id faucibus nisl. Dui faucibus in ornare quam viverra orci. Convallis posuere morbi leo urna molestie. Amet consectetur adipiscing elit pellentesque habitant morbi tristique.</p>\n<p>Nunc eget lorem dolor sed viverra ipsum. Lorem ipsum dolor sit amet consectetur adipiscing. Cursus sit amet dictum sit amet justo donec enim diam. Urna molestie at elementum eu facilisis. Enim facilisis gravida neque convallis a cras semper. Gravida rutrum quisque non tellus orci ac auctor. Sit amet nulla facilisi morbi tempus iaculis. Pretium quam vulputate dignissim suspendisse in est ante in nibh. Pellentesque dignissim enim sit amet venenatis urna cursus eget. Sollicitudin ac orci phasellus egestas tellus.<br></p>\n<p>Quisque id diam vel quam elementum pulvinar etiam non. Nullam eget felis eget nunc. Justo laoreet sit amet cursus. Amet consectetur adipiscing elit ut aliquam purus sit amet luctus. Aliquam faucibus purus in massa tempor nec feugiat nisl. Viverra orci sagittis eu volutpat odio facilisis mauris. Turpis massa tincidunt dui ut ornare. Ipsum dolor sit amet consectetur adipiscing elit ut. Felis eget nunc lobortis mattis aliquam faucibus. Aliquet enim tortor at auctor urna nunc. Varius morbi enim nunc faucibus a. Auctor augue mauris augue neque gravida in. Ut enim blandit volutpat maecenas volutpat. Amet risus nullam eget felis eget nunc lobortis. Et ligula ullamcorper malesuada proin. Facilisi cras fermentum odio eu feugiat pretium nibh ipsum consequat.</p>","_metadata":{"uid":"csf9bf19b0b7d35fc9"}}},{"social_network":{"embedded_code":"<div class=\"twitter-tweet twitter-tweet-rendered\" style=\"display: flex;  margin-left:30%; max-width: 550px; width: 100%; margin-top: 10px; margin-bottom: 10px;\"><iframe id=\"twitter-widget-0\" scrolling=\"no\" frameborder=\"0\" allowtransparency=\"true\" allowfullscreen=\"true\" style=\"position: static; visibility: visible; width: 550px; height: 502px; display: block; flex-grow: 1;\" title=\"Twitter Tweet\" src=\"https://platform.twitter.com/embed/index.html?dnt=false&embedId=twitter-widget-0&frame=false&hideCard=false&hideThread=false&id=463440424141459456&lang=en&origin=file%3A%2F%2F%2Fhome%2Famit%2FDownloads%2Fcodebeautify%2520(2).html&theme=light&widgetsVersion=9066bb2%3A1593540614199&width=550px\" data-tweet-id=\"463440424141459456\"></iframe></div>","_metadata":{"uid":"cs5c5df6119c912fc3"}}}],"tags":[],"locale":"en-us","ACL":{},"uid":"blt9539a93ce71ed97e","created_by":"bltf01cfddcefa2394d","updated_by":"bltf01cfddcefa2394d","created_at":"2020-12-09T05:55:51.118Z","updated_at":"2020-12-10T05:39:05.559Z","_version":7,"_in_progress":false,"author":[{"uid":"blt76d09750d89ed945","_content_type_uid":"author"}],"publish_date":"2020-12-09","publish_details":[{"environment":"bltf6c0a7a81a1aa7b8","locale":"en-us","time":"2020-12-10T05:54:15.677Z","user":"bltf01cfddcefa2394d","version":7},{"environment":"bltbf6778af33222a17","locale":"en-us","time":"2020-12-10T05:54:15.677Z","user":"bltf01cfddcefa2394d","version":7}]},"bltbe1f30e07904677d":{"title":"Educational Blog","url":"/blog/educational-blog","seo":{"meta_title":"Educational Blog","meta_description":"This blog is for educational purposes.","meta_keywords":"education"},"hero_banner":{"banner_title":"Education","banner_image":{"uid":"blt43e49573397beaf8","created_at":"2020-12-09T05:54:46.650Z","updated_at":"2020-12-09T05:54:46.650Z","created_by":"bltf01cfddcefa2394d","updated_by":"bltf01cfddcefa2394d","content_type":"image/jpeg","file_size":"1139306","tags":[],"filename":"education.jpg","url":"https://images.contentstack.io/v3/assets/blt7db50cd7978895ca/blt43e49573397beaf8/5fd066a61dac8c7e7a5c5f9a/education.jpg","ACL":[],"is_dir":false,"_version":1,"title":"education.jpg","publish_details":[{"environment":"bltf6c0a7a81a1aa7b8","locale":"en-us","time":"2020-12-09T05:54:53.448Z","user":"bltf01cfddcefa2394d","version":1},{"environment":"bltbf6778af33222a17","locale":"en-us","time":"2020-12-09T05:54:53.448Z","user":"bltf01cfddcefa2394d","version":1}]}},"blog_body":[{"rich_text_editor":{"rich_text":"<p>Lorem ipsum dolor sit amet, consectetur adipiscing elit, sed do eiusmod tempor incididunt ut labore et dolore magna aliqua. Non consectetur a erat nam. Placerat duis ultricies lacus sed turpis tincidunt. Ullamcorper sit amet risus nullam eget felis eget. Congue mauris rhoncus aenean vel elit scelerisque mauris. Ullamcorper sit amet risus nullam eget felis eget nunc. Sed odio morbi quis commodo odio aenean sed adipiscing. Lectus quam id leo in vitae turpis massa sed elementum. Semper risus in hendrerit gravida rutrum quisque non tellus. Tellus orci ac auctor augue mauris augue.</p>","_metadata":{"uid":"cs412fbf45282f7c53"}}},{"quotes":{"quote":"<img class=\"quoteIcon\" src=\"https://img.icons8.com/dusk/64/000000/quote-left.png\" data-image=\"53dbk42n38l3\">\n<p>    The roots of education are bitter, but the fruit is sweet </p>\n<p><strong>Aristotle</strong></p>","_metadata":{"uid":"csa71473356eba5fc3"}}},{"rich_text_editor":{"rich_text":"<p>Dignissim diam quis enim lobortis. Ultrices neque ornare aenean euismod elementum nisi. Quis lectus nulla at volutpat diam ut venenatis. Pellentesque pulvinar pellentesque habitant morbi tristique senectus et. Turpis in eu mi bibendum neque egestas congue. Dolor sit amet consectetur adipiscing elit ut. Facilisis sed odio morbi quis. Pellentesque dignissim enim sit amet venenatis urna cursus. Congue nisi vitae suscipit tellus mauris a diam maecenas sed. Id nibh tortor id aliquet lectus proin nibh. Consectetur libero id faucibus nisl. Dui faucibus in ornare quam viverra orci. Convallis posuere morbi leo urna molestie. Amet consectetur adipiscing elit pellentesque habitant morbi tristique.</p><figure style=\"box-sizing: inherit; margin: 0px 0px 1em; padding: 0px; display: block; position: relative; outline: 0px !important; clear: both; color: rgb(116, 133, 144); font-family: proximaNovaRegular, Arial, Helvetica, sans-serif; font-size: 13px; font-style: normal; font-variant-ligatures: normal; font-variant-caps: normal; font-weight: 400; letter-spacing: normal; orphans: 2; text-align: start; text-indent: 0px; text-transform: none; white-space: normal; widows: 2; word-spacing: 0px; -webkit-text-stroke-width: 0px; text-decoration-style: initial; text-decoration-color: initial; background-color: rgb(255, 255, 255);\"><img class=\"blogpostImage\" src=\"https://images.contentstack.io/v3/assets/blt17537f14dafb140d/blt0f134787c306eb8f/5ef058846b547b2c37e3b538/eugenio-mazzone-6ywyo2qtaZ8-unsplash.jpg\" alt=\"education\" data-image=\"5d8t9vl7u417\" style=\"box-sizing: inherit; margin: 0px; padding: 0px; border: 0px; vertical-align: middle; outline: 0px !important; max-width: 100%; height: auto !important;\"></figure>\n<p>Nunc eget lorem dolor sed viverra ipsum. Lorem ipsum dolor sit amet consectetur adipiscing. Cursus sit amet dictum sit amet justo donec enim diam. Urna molestie at elementum eu facilisis. Enim facilisis gravida neque convallis a cras semper. Gravida rutrum quisque non tellus orci ac auctor. Sit amet nulla facilisi morbi tempus iaculis. Pretium quam vulputate dignissim suspendisse in est ante in nibh. Pellentesque dignissim enim sit amet venenatis urna cursus eget. Sollicitudin ac orci phasellus egestas tellus.<br></p>\n<p>Quisque id diam vel quam elementum pulvinar etiam non. Nullam eget felis eget nunc. Justo laoreet sit amet cursus. Amet consectetur adipiscing elit ut aliquam purus sit amet luctus. Aliquam faucibus purus in massa tempor nec feugiat nisl. Viverra orci sagittis eu volutpat odio facilisis mauris. Turpis massa tincidunt dui ut ornare. Ipsum dolor sit amet consectetur adipiscing elit ut. Felis eget nunc lobortis mattis aliquam faucibus. Aliquet enim tortor at auctor urna nunc. Varius morbi enim nunc faucibus a. Auctor augue mauris augue neque gravida in. Ut enim blandit volutpat maecenas volutpat. Amet risus nullam eget felis eget nunc lobortis. Et ligula ullamcorper malesuada proin. Facilisi cras fermentum odio eu feugiat pretium nibh ipsum consequat.</p>","_metadata":{"uid":"cs64cd478ceff2731f"}}}],"tags":[],"locale":"en-us","ACL":{},"uid":"bltbe1f30e07904677d","created_by":"bltf01cfddcefa2394d","updated_by":"bltf01cfddcefa2394d","created_at":"2020-12-09T05:55:51.371Z","updated_at":"2020-12-10T05:36:43.088Z","_version":7,"_in_progress":false,"author":[{"uid":"bltd028f3b2f2dbd5a5","_content_type_uid":"author"}],"publish_date":"2020-12-09","publish_details":[{"environment":"bltf6c0a7a81a1aa7b8","locale":"en-us","time":"2020-12-10T05:54:15.683Z","user":"bltf01cfddcefa2394d","version":7},{"environment":"bltbf6778af33222a17","locale":"en-us","time":"2020-12-10T05:54:15.683Z","user":"bltf01cfddcefa2394d","version":7}]},"blt47c325c14cc2a485":{"title":"Science and Technology Blog","url":"/blog/science-and-technology-blog","seo":{"meta_title":"Science and Technology","meta_description":"This blog is for science-related articles","meta_keywords":"science and technology"},"hero_banner":{"banner_title":"Technical Blog","banner_image":{"uid":"blt434584fcc6e0fac3","created_at":"2020-12-09T05:55:20.966Z","updated_at":"2020-12-09T05:55:20.966Z","created_by":"bltf01cfddcefa2394d","updated_by":"bltf01cfddcefa2394d","content_type":"image/jpeg","file_size":"104784","tags":[],"filename":"science_and_technology.jpg","url":"https://images.contentstack.io/v3/assets/blt7db50cd7978895ca/blt434584fcc6e0fac3/5fd066c8d469e74bb159127a/science_and_technology.jpg","ACL":[],"is_dir":false,"_version":1,"title":"technology.jpg","description":"","publish_details":[{"environment":"bltf6c0a7a81a1aa7b8","locale":"en-us","time":"2020-12-09T05:55:20.681Z","user":"bltf01cfddcefa2394d","version":1},{"environment":"bltbf6778af33222a17","locale":"en-us","time":"2020-12-09T05:55:20.681Z","user":"bltf01cfddcefa2394d","version":1}]}},"blog_body":[{"rich_text_editor":{"rich_text":"<p>Lorem ipsum dolor sit amet, consectetur adipiscing elit, sed do eiusmod tempor incididunt ut labore et dolore magna aliqua. Non consectetur a erat nam. Placerat duis ultricies lacus sed turpis tincidunt. Ullamcorper sit amet risus nullam eget felis eget. Congue mauris rhoncus aenean vel elit scelerisque mauris. Ullamcorper sit amet risus nullam eget felis eget nunc. Sed odio morbi quis commodo odio aenean sed adipiscing. Lectus quam id leo in vitae turpis massa sed elementum. Semper risus in hendrerit gravida rutrum quisque non tellus. Tellus orci ac auctor augue mauris augue. Est pellentesque elit ullamcorper dignissim cras. Ultrices mi tempus imperdiet nulla malesuada pellentesque elit eget. Sed turpis tincidunt id aliquet risus feugiat in ante metus.</p>","_metadata":{"uid":"cs4039f1c24e078f73"}}},{"quotes":{"quote":"<img class=\"quoteIcon\" src=\"https://img.icons8.com/dusk/64/000000/quote-left.png\" data-image=\"53dbk42n38l3\">\n<p>Success in creating AI would be the biggest event in human history. Unfortunately, it might also be the last, unless we learn how to avoid the risks.</p>\n<p><strong>Stephen Hawking</strong></p>","_metadata":{"uid":"csc42580997403e6c7"}}},{"rich_text_editor":{"rich_text":"<p>Dignissim diam quis enim lobortis. Ultrices neque ornare aenean euismod elementum nisi. Quis lectus nulla at volutpat diam ut venenatis. Pellentesque pulvinar pellentesque habitant morbi tristique senectus et. Turpis in eu mi bibendum neque egestas congue. Dolor sit amet consectetur adipiscing elit ut. Facilisis sed odio morbi quis. Pellentesque dignissim enim sit amet venenatis urna cursus. Congue nisi vitae suscipit tellus mauris a diam maecenas sed. Id nibh tortor id aliquet lectus proin nibh. Consectetur libero id faucibus nisl. Dui faucibus in ornare quam viverra orci. Convallis posuere morbi leo urna molestie. Amet consectetur adipiscing elit pellentesque habitant morbi tristique.</p>\n<p>Nunc eget lorem dolor sed viverra ipsum. Lorem ipsum dolor sit amet consectetur adipiscing. Cursus sit amet dictum sit amet justo donec enim diam. Urna molestie at elementum eu facilisis. Enim facilisis gravida neque convallis a cras semper. Gravida rutrum quisque non tellus orci ac auctor. Sit amet nulla facilisi morbi tempus iaculis. Pretium quam vulputate dignissim suspendisse in est ante in nibh. Pellentesque dignissim enim sit amet venenatis urna cursus eget. Sollicitudin ac orci phasellus egestas tellus.<br></p>\n<p>Quisque id diam vel quam elementum pulvinar etiam non. Nullam eget felis eget nunc. Justo laoreet sit amet cursus. Amet consectetur adipiscing elit ut aliquam purus sit amet luctus. Aliquam faucibus purus in massa tempor nec feugiat nisl. Viverra orci sagittis eu volutpat odio facilisis mauris. Turpis massa tincidunt dui ut ornare. Ipsum dolor sit amet consectetur adipiscing elit ut. Felis eget nunc lobortis mattis aliquam faucibus. Aliquet enim tortor at auctor urna nunc. Varius morbi enim nunc faucibus a. Auctor augue mauris augue neque gravida in. Ut enim blandit volutpat maecenas volutpat. Amet risus nullam eget felis eget nunc lobortis. Et ligula ullamcorper malesuada proin. Facilisi cras fermentum odio eu feugiat pretium nibh ipsum consequat.</p>","_metadata":{"uid":"csd85af77ea153f515"}}}],"tags":[],"locale":"en-us","ACL":{},"uid":"blt47c325c14cc2a485","created_by":"bltf01cfddcefa2394d","updated_by":"bltf01cfddcefa2394d","created_at":"2020-12-09T05:55:48.070Z","updated_at":"2020-12-10T05:35:57.100Z","_version":7,"_in_progress":false,"author":[{"uid":"bltcb01650eebbfc225","_content_type_uid":"author"}],"publish_date":"2020-12-10","publish_details":[{"environment":"bltf6c0a7a81a1aa7b8","locale":"en-us","time":"2020-12-10T05:54:15.689Z","user":"bltf01cfddcefa2394d","version":7},{"environment":"bltbf6778af33222a17","locale":"en-us","time":"2020-12-10T05:54:15.689Z","user":"bltf01cfddcefa2394d","version":7}]},"bltc5fa44916fdec4f4":{"title":"Food Blog","url":"/blog/food-blog","seo":{"meta_title":"Food Blog","meta_description":"This blog contains info related to food recipes and trends","meta_keywords":"food"},"hero_banner":{"banner_title":"Food Blog","banner_image":{"uid":"blt84de960f72746ee2","created_at":"2020-12-09T05:55:11.877Z","updated_at":"2020-12-09T05:55:11.877Z","created_by":"bltf01cfddcefa2394d","updated_by":"bltf01cfddcefa2394d","content_type":"image/jpeg","file_size":"119696","tags":[],"filename":"food-blog-banner.jpg","url":"https://images.contentstack.io/v3/assets/blt7db50cd7978895ca/blt84de960f72746ee2/5fd066bf37b70c20091d8151/food-blog-banner.jpg","ACL":[],"is_dir":false,"parent_uid":null,"_version":1,"title":"food_blog.jpg","description":"","publish_details":[{"environment":"bltf6c0a7a81a1aa7b8","locale":"en-us","time":"2020-12-09T05:55:14.617Z","user":"bltf01cfddcefa2394d","version":1},{"environment":"bltbf6778af33222a17","locale":"en-us","time":"2020-12-09T05:55:14.617Z","user":"bltf01cfddcefa2394d","version":1}]}},"blog_body":[{"rich_text_editor":{"rich_text":"<p>Lorem ipsum dolor sit amet, consectetur adipiscing elit, sed do eiusmod tempor incididunt ut labore et dolore magna aliqua. Velit laoreet id donec ultrices tincidunt arcu non sodales. Dictum fusce ut placerat orci. Sed tempus urna et pharetra pharetra. Porta nibh venenatis cras sed felis eget velit aliquet sagittis. Eu consequat ac felis donec et odio pellentesque. Facilisi nullam vehicula ipsum a arcu cursus vitae. Viverra suspendisse potenti nullam ac. Venenatis lectus magna fringilla urna porttitor rhoncus dolor purus non. Et odio pellentesque diam volutpat commodo sed egestas egestas. Diam vel quam elementum pulvinar etiam non quam.</p>\n<p></p>","_metadata":{"uid":"cs94652d96d9318fc6"}}},{"quotes":{"quote":"<img class=\"quoteIcon\" src=\"https://img.icons8.com/dusk/64/000000/quote-left.png\" data-image=\"53dbk42n38l3\">\n<p>If you really want to make a friend, go to someone's house and eat with him... the people who give you their food give you their heart.</p>\n<p><strong>Cesar Chavez</strong></p>","_metadata":{"uid":"cs0d066accd66d6921"}}},{"rich_text_editor":{"rich_text":"<p>Gravida rutrum quisque non tellus orci ac. Tristique risus nec feugiat in. Turpis nunc eget lorem dolor sed viverra. Consectetur adipiscing elit duis tristique sollicitudin nibh sit amet. Enim sed faucibus turpis in eu mi bibendum. Scelerisque varius morbi enim nunc faucibus a pellentesque sit. Nisl nisi scelerisque eu ultrices vitae auctor eu augue ut. A lacus vestibulum sed arcu non odio euismod lacinia at. Odio facilisis mauris sit amet massa vitae tortor condimentum lacinia. Augue interdum velit euismod in pellentesque massa placerat duis. Auctor augue mauris augue neque. At ultrices mi tempus imperdiet nulla malesuada pellentesque elit. Proin fermentum leo vel orci porta non pulvinar. Sed enim ut sem viverra aliquet eget sit amet tellus. Nunc sed velit dignissim sodales ut eu sem integer vitae. Ut diam quam nulla porttitor. Enim nulla aliquet porttitor lacus luctus accumsan tortor. Elit pellentesque habitant morbi tristique senectus et netus et malesuada.</p><figure style=\"box-sizing: inherit; margin: 0px 0px 1em; padding: 0px; display: block; position: relative; outline: 0px !important; clear: both; color: rgb(116, 133, 144); font-family: proximaNovaRegular, Arial, Helvetica, sans-serif; font-size: 13px; font-style: normal; font-variant-ligatures: normal; font-variant-caps: normal; font-weight: 400; letter-spacing: normal; orphans: 2; text-align: start; text-indent: 0px; text-transform: none; white-space: normal; widows: 2; word-spacing: 0px; -webkit-text-stroke-width: 0px; text-decoration-style: initial; text-decoration-color: initial; background-color: rgb(255, 255, 255);\"><img class=\"blogpostImage\" src=\"https://images.contentstack.io/v3/assets/blt17537f14dafb140d/blte85a1927da0e6b4a/5ef03e8a6b547b2c37e3b4ea/foodBlog_post.jpg\" alt=\"postImage\" data-image=\"b4fy9unrugzp\" style=\"box-sizing: inherit; margin: 0px; padding: 0px; border: 0px; vertical-align: middle; outline: 0px !important; max-width: 100%; height: auto !important;\"></figure>\n<p>Tempor nec feugiat nisl pretium fusce. Tristique magna sit amet purus gravida quis blandit turpis. Nisl nisi scelerisque eu ultrices vitae auctor eu augue ut. Ultricies mi eget mauris pharetra et ultrices neque. Pellentesque id nibh tortor id. Turpis in eu mi bibendum neque egestas. Nisl nisi scelerisque eu ultrices vitae auctor. Mauris sit amet massa vitae tortor condimentum. Proin fermentum leo vel orci porta non. Est pellentesque elit ullamcorper dignissim cras tincidunt lobortis feugiat vivamus. Pulvinar sapien et ligula ullamcorper malesuada. In hac habitasse platea dictumst quisque sagittis purus.</p>\n<p>Quam pellentesque nec nam aliquam sem et. Cras ornare arcu dui vivamus. Sociis natoque penatibus et magnis dis. Orci ac auctor augue mauris augue. Risus quis varius quam quisque id diam. Id venenatis a condimentum vitae. A lacus vestibulum sed arcu non odio euismod lacinia at. Commodo nulla facilisi nullam vehicula ipsum a. Dignissim diam quis enim lobortis scelerisque fermentum dui faucibus. Ac tortor vitae purus faucibus ornare suspendisse sed. Adipiscing elit ut aliquam purus sit amet luctus venenatis lectus. Sit amet nisl purus in mollis. Mi quis hendrerit dolor magna eget est lorem ipsum. Tincidunt arcu non sodales neque sodales. Quisque egestas diam in arcu cursus euismod. Id diam vel quam elementum pulvinar etiam.</p>","_metadata":{"uid":"cs6f1b295411a51958"}}},{"social_network":{"embedded_code":"<div class=\"twitter-tweet twitter-tweet-rendered\" style=\"display: flex; margin-left:30%; max-width: 550px; width: 100%; margin-top: 10px; margin-bottom: 10px;\"><iframe id=\"twitter-widget-0\" scrolling=\"no\" frameborder=\"0\" allowtransparency=\"true\" allowfullscreen=\"true\" style=\"position: static; visibility: visible; width: 550px; height: 602px; display: block; flex-grow: 1;\" title=\"Twitter Tweet\" src=\"https://platform.twitter.com/embed/index.html?dnt=false&embedId=twitter-widget-0&frame=false&hideCard=false&hideThread=false&id=1275309294611656705&lang=en&origin=file%3A%2F%2F%2Fhome%2Famit%2FDownloads%2Fcodebeautify.html&theme=light&widgetsVersion=9066bb2%3A1593540614199&width=550px\" data-tweet-id=\"1275309294611656705\"></iframe></div>","_metadata":{"uid":"cs95369086e77dd823"}}}],"tags":[],"locale":"en-us","ACL":{},"uid":"bltc5fa44916fdec4f4","created_by":"bltf01cfddcefa2394d","updated_by":"bltf01cfddcefa2394d","created_at":"2020-12-09T05:55:53.831Z","updated_at":"2020-12-10T05:35:00.781Z","_version":11,"_in_progress":false,"author":[{"uid":"bltab9897f352f25917","_content_type_uid":"author"}],"publish_date":"2020-12-10","publish_details":[{"environment":"bltf6c0a7a81a1aa7b8","locale":"en-us","time":"2020-12-10T05:54:15.696Z","user":"bltf01cfddcefa2394d","version":11},{"environment":"bltbf6778af33222a17","locale":"en-us","time":"2020-12-10T05:54:15.696Z","user":"bltf01cfddcefa2394d","version":11}]}}