[{"uid":"blt2cab7dd74ca156a5","content_type":"image/jpeg","file_size":"39133","tags":[],"filename":"travel-blog-banner.jpg","url":"https://images.contentstack.io/v3/assets/blt7db50cd7978895ca/blt2cab7dd74ca156a5/5fd066c11a1256157b297743/travel-blog-banner.jpg","ACL":{},"is_dir":false,"parent_uid":null,"_version":1,"title":"travel_blog.jpg","description":"","publish_details":[{"environment":"bltf6c0a7a81a1aa7b8","locale":"en-us","time":"2020-12-09T05:55:15.658Z","user":"bltf01cfddcefa2394d","version":1},{"environment":"bltbf6778af33222a17","locale":"en-us","time":"2020-12-09T05:55:15.658Z","user":"bltf01cfddcefa2394d","version":1}]}]