[{"uid":"blt6b7cbba6d918ed98","content_type":"image/jpeg","file_size":"7027","tags":[],"filename":"news.jpeg","url":"https://images.contentstack.io/v3/assets/blt7db50cd7978895ca/blt6b7cbba6d918ed98/5fd066c55fa8a51a6fb5bdbd/news.jpeg","ACL":{},"is_dir":false,"parent_uid":null,"_version":1,"title":"about.PNG","description":"","publish_details":[{"environment":"bltf6c0a7a81a1aa7b8","locale":"en-us","time":"2020-12-09T05:55:20.631Z","user":"bltf01cfddcefa2394d","version":1},{"environment":"bltbf6778af33222a17","locale":"en-us","time":"2020-12-09T05:55:20.631Z","user":"bltf01cfddcefa2394d","version":1}]}]