[{"uid":"blt6363fc380ebe24e1","content_type":"image/jpeg","file_size":"384515","tags":[],"filename":"arcade-buttons-computer-design.jpg","url":"https://images.contentstack.io/v3/assets/blt7db50cd7978895ca/blt6363fc380ebe24e1/5fd066bee32be20bea3cab8c/arcade-buttons-computer-design.jpg","ACL":{},"is_dir":false,"_version":1,"title":"arcade-buttons-computer-design-371924.jpg","description":"","publish_details":[{"environment":"bltbf6778af33222a17","locale":"en-us","time":"2020-12-09T05:55:12.077Z","user":"bltf01cfddcefa2394d","version":1}]}]