[{"uid":"blt43e49573397beaf8","content_type":"image/jpeg","file_size":"1139306","tags":[],"filename":"education.jpg","url":"https://images.contentstack.io/v3/assets/blt7db50cd7978895ca/blt43e49573397beaf8/5fd066a61dac8c7e7a5c5f9a/education.jpg","ACL":{},"is_dir":false,"_version":1,"title":"education.jpg","publish_details":[{"environment":"bltf6c0a7a81a1aa7b8","locale":"en-us","time":"2020-12-09T05:54:53.448Z","user":"bltf01cfddcefa2394d","version":1},{"environment":"bltbf6778af33222a17","locale":"en-us","time":"2020-12-09T05:54:53.448Z","user":"bltf01cfddcefa2394d","version":1}]}]