[{"uid":"blt434584fcc6e0fac3","content_type":"image/jpeg","file_size":"104784","tags":[],"filename":"science_and_technology.jpg","url":"https://images.contentstack.io/v3/assets/blt7db50cd7978895ca/blt434584fcc6e0fac3/5fd066c8d469e74bb159127a/science_and_technology.jpg","ACL":{},"is_dir":false,"_version":1,"title":"technology.jpg","description":"","publish_details":[{"environment":"bltf6c0a7a81a1aa7b8","locale":"en-us","time":"2020-12-09T05:55:20.681Z","user":"bltf01cfddcefa2394d","version":1},{"environment":"bltbf6778af33222a17","locale":"en-us","time":"2020-12-09T05:55:20.681Z","user":"bltf01cfddcefa2394d","version":1}]}]