[{"uid":"blt437ddbc138e5981b","content_type":"image/png","file_size":"69324","tags":[],"filename":"avatar_5.png","url":"https://images.contentstack.io/v3/assets/blt7db50cd7978895ca/blt437ddbc138e5981b/5fd06ca259bd313bf831221a/avatar_5.png","ACL":{},"is_dir":false,"_version":1,"title":"avatar_5.png","publish_details":[{"environment":"bltbf6778af33222a17","locale":"en-us","time":"2020-12-09T06:23:38.656Z","user":"bltf01cfddcefa2394d","version":1},{"environment":"bltf6c0a7a81a1aa7b8","locale":"en-us","time":"2020-12-09T06:23:38.657Z","user":"bltf01cfddcefa2394d","version":1}]}]